검색어,기대동네,기대단어,메모,지표
애들 학원 보내기 좋은 곳,대치1동|중계1동,학원,[확실] 대치동 학원가·중계동 은행사거리,교육
학군 좋은 아파트 동네,대치1동|대치2동|목5동|중계1동,학교,[확실] 강남·목동·중계 3대 학군. 학군 배정은 데이터에 없다 — 미지원 안내가 같이 나와야 맞다,교육
초등학생 키우기 좋은 조용한 동네,목5동|중계4동|반포1동,학교,[추측] 학교 많고 주거 위주,교육
지하철 여러 노선이 지나는 역세권,을지로동|명동|종로1.2.3.4가동,지하철,[추측] 도심 환승역 밀집,교통
여의도 직장 가까운 곳,여의동,,[확실] 여의도 자체. 목적지형 — 거리 신호가 없어 지금 코드로는 X 가 정상(이슈.md 1). 근거 낱말을 정할 수 없어 기대단어는 비운다,교통
강남으로 출퇴근하는데 교통 편한 동네,서초2동|양재1동|옥수동,,[추측] 의도B — 목적지. TOP5가 전부 강남구면 틀린 것(이슈.md 1). 지금 코드로는 X가 정상,교통
조용하고 공원 많은 곳,오륜동|번2동|둔촌2동,공원,[수정 2026-09-30] 원래 평창동|방화제1동 — 산을 전제했는데 데이터는 도시공원만(북한산 없음). 데이터가 아는 큰 공원으로: 올림픽공원·북서울꿈의숲(오동근린공원)·일자산,녹지
산책로 있는 한적한 동네,상일1동|망우본동|홍은2동,공원,[수정 2026-09-30] 원래 부암동|평창동|우이동 — 같은 이유. 명일공원·용마산·백련산 근린공원이 있는 동,녹지
강아지 산책시키기 좋은 큰 공원이 가까운 동네,오륜동|가양1동|둔촌2동,공원,[수정 2026-09-30] 원래 잠실3동|여의동|반포1동 — 여의도공원·한강공원이 데이터에 없음. 올림픽공원·서울식물원·일자산,녹지
카페 많고 젊은 분위기 동네,연남동|서교동|성수2가제3동,점포,[확실] 연트럴파크·홍대·성수. 업종(카페)은 데이터에 없다 — 점포 수로만 잰다,상권
맛집 많은 번화가,명동|서교동,점포,[확실] 명동·홍대. [수정 2026-10-01] 신사동(가로수길)을 뺐다 — 관악구에도 신사동이 있고 도구는 구를 안 보고 동 이름만 맞춰서 틀린 동이 맞은 것으로 세어진다,상권
전통시장 가까워서 장보기 편한 동네,회현동|제기동|망원1동|종로1.2.3.4가동,시장,[신규 2026-10-01] [확실] 남대문시장·경동시장·망원시장·광장시장. 상권의 둘째 칸(대형점포 = 전통시장·대규모점포)을 재는 문항,상권
공연이나 전시 자주 보러 다니는 사람,삼청동|종로1.2.3.4가동|한남동,문화시설,[추측] 미술관·공연장 밀집,문화
도서관 가까운 동네,가회동|후암동|소공동|사직동,도서관,[신규 2026-10-01] [추측] 정독도서관·남산도서관(용산도서관)·서울도서관·종로도서관. 문화의 둘째 칸(도서관)을 재는 문항,문화
소극장 연극 보러 다니기 좋은 동네,이화동|혜화동,문화시설,[신규 2026-10-01] [확실] 대학로 — 동숭동은 이화동이고 혜화역 북쪽은 혜화동이다,문화
병원 많아서 진료받기 편한 동네,역삼1동|논현1동|압구정동|청담동,의료기관,[신규 2026-10-01] [확실] 강남 의원 밀집지. 의료 문항이 하나도 없었다,의료
큰 병원이 가까워 부모님 모시기 좋은 곳,풍납2동|일원본동|이화동|신촌동|회기동|안암동,의료기관,[신규 2026-10-01] [추측] 서울아산·삼성서울·서울대·세브란스·경희·고대안암 병원이 있는 동. 데이터는 기관 개수라 대형병원 한 곳이 1 이다 — X 가 나오면 지표의 한계(규모·병상 없음),의료
나이 들어 병원 자주 다녀야 하는데 살기 편한 곳,풍납2동|이화동|회기동|역삼1동|논현1동,의료기관,[신규 2026-10-01] [추측] 대형병원이 있는 동 또는 의원 밀집지 — 둘 중 어느 쪽이 나와도 맞는 것으로 본다,의료
밤길 안전하고 치안 좋은 동네,목5동|잠실2동|반포2동|이촌1동,CCTV,[신규 2026-10-01] [추측] 치안이 좋다고 알려진 주거지. 지표는 CCTV·경찰관서 밀도라 유흥가·우범 대응 지역이 위로 올 수 있다(로드맵 2-5 정의 논의 전) — hit 보다 무엇이 나오는지를 본다,안전
여자 혼자 살아도 안심되는 동네,목5동|잠실2동|반포2동|이촌1동,CCTV,[신규 2026-10-01] [추측] 위 문항과 기대가 같다. 표현만 다르다 — 같은 뜻에 같은 답이 나오나,안전
경찰서나 파출소가 가까워 든든한 동네,사직동|종로1.2.3.4가동|회현동,경찰,[신규 2026-10-01] [추측] 서울경찰청·종로경찰서·남대문경찰서가 있는 동. 안전의 둘째 칸(경찰관서)을 재는 문항,안전
강남구에서 출퇴근 편한 곳,역삼1동|논현1동|삼성1동,,[확실] 의도A — 강남구 안에 산다. 지역 필터가 걸려야 맞음,지역
저렴한 원룸 전세,신림동|서림동|청룡동,,[추측] 관악 원룸촌. 가격 필터 문항,가격
신혼부부 아파트 전세 5억 이하,상계1동|중계4동|가양제1동,,[추측] 노원·강서 중저가 단지,가격
월세 60만원 오피스텔,신림동|화양동|구로제3동,,[추측] 역세권 오피스텔,가격
가성비 좋은 동네,상계1동|창제4동|도봉제2동,,[추측] 동북권 시세 하위. 금액 없이 말로만 한 가격대 — '저가' 로 읽혀 시세 가중치가 5 로 올라야 한다(2026-09-30 가격대 필드),가격
부촌에서 살고 싶어 비싸도 좋아,압구정동|청담동|반포2동|한남동,,[신규 2026-10-01] [확실] 압구정·청담·반포·한남. 가격대 '고가' — 시세 점수를 뒤집어 비싼 동네가 위로 와야 한다. 저가 쪽만 재던 것의 짝,가격
