customer_id,name,gender,age,phone,email,city,city_dong,work_city,work_dong,joined_at
C001,전기태,M,74,010-4949-1773,sungmin70@example.com,동대문구,전농제1동,영등포구,영등포동,2024-03-30
C002,최은지,F,71,010-7850-5619,sieun13@example.com,관악구,성현동,강남구,역삼1동,2025-03-03
C003,안상식,M,73,010-9340-4621,daeun82@example.com,마포구,연남동,서초구,방배4동,2025-02-25
C004,김다희,F,46,010-5991-8724,hajun82@example.com,중랑구,상봉제2동,광진구,자양제3동,2025-08-23
C005,설숙자,F,50,010-4190-5011,sungmin89@example.com,구로구,개봉제1동,성북구,장위제2동,2026-01-09
C006,황혜란,F,33,010-5200-5919,minseo16@example.com,영등포구,신길제3동,강남구,논현1동,2025-10-10
C007,김준수,M,31,010-9707-9149,hyewon37@example.com,중구,청구동,종로구,종로1.2.3.4가동,2025-03-22
C008,곽상길,M,76,010-2169-3971,minseo23@example.com,양천구,목1동,강남구,신사동,2025-09-28
C009,박호철,M,44,010-8494-1875,jimin31@example.com,동작구,사당제1동,강남구,청담동,2026-03-01
C010,이태훈,M,27,010-4487-3156,jaehyun68@example.com,강서구,등촌제2동,마포구,성산제1동,2024-05-12
C011,홍희자,F,74,010-1066-8023,minseo66@example.com,은평구,대조동,성북구,삼선동,2025-10-31
C012,고성호,M,61,010-5130-1335,sungmin14@example.com,중랑구,신내1동,중랑구,중화제2동,2024-04-18
C013,유준호,M,61,010-5239-1712,jihun76@example.com,양천구,신월5동,동대문구,신설동,2025-08-25
C014,박현식,M,26,010-6032-6425,subin4@example.com,강북구,삼양동,마포구,대흥동,2025-02-18
C015,박명순,F,76,010-4676-1312,jiyu24@example.com,관악구,신원동,,,2024-02-25
C016,장수철,M,69,010-3642-2136,chaewon56@example.com,서대문구,북아현동,구로구,수궁동,2026-01-14
C017,최연옥,F,50,010-4657-3890,gaeun17@example.com,강북구,수유2동,강동구,고덕제2동,2024-01-22
C018,김정하,F,49,010-7501-7453,doyoon16@example.com,강남구,일원1동,강남구,삼성2동,2025-04-20
C019,김정우,M,54,010-7266-2495,hayoon38@example.com,동대문구,용두동,영등포구,영등포동,2024-10-13
C020,유현,F,54,010-4256-4083,gaeun12@example.com,강북구,수유1동,강동구,성내제2동,2026-07-02
C021,박동식,M,32,010-7297-7878,minjae96@example.com,중랑구,망우제3동,,,2026-01-09
C022,조승용,M,53,010-5044-1713,taeyoon10@example.com,은평구,구산동,용산구,남영동,2026-05-07
C023,김영걸,M,50,010-2821-8277,hyunwoo58@example.com,마포구,도화동,영등포구,양평제2동,2024-06-16
C024,김재성,M,22,010-7826-6969,donghyun43@example.com,성북구,정릉제4동,종로구,청운효자동,2025-08-18
C025,이운섭,M,64,010-6848-7817,jungwoo42@example.com,동작구,흑석동,종로구,청운효자동,2024-02-09
C026,배승락,M,71,010-3968-7099,woojin11@example.com,광진구,자양제2동,강서구,공항동,2025-07-12
C027,송순근,M,49,010-9326-5023,minseo35@example.com,강서구,방화제3동,마포구,아현동,2025-07-15
C028,김남희,F,53,010-9627-5203,minjun78@example.com,중구,장충동,강남구,역삼1동,2024-03-19
C029,박유하,F,32,010-5416-2449,woojin57@example.com,마포구,성산제1동,영등포구,양평제1동,2025-03-25
C030,이현준,M,50,010-3984-8648,chaewon44@example.com,성북구,동선동,강서구,등촌제2동,2024-01-21
C031,박용호,M,45,010-9065-3719,jaehyun55@example.com,성북구,보문동,양천구,신월7동,2024-04-13
C032,김수진,F,38,010-3531-7572,yujin72@example.com,송파구,잠실본동,동대문구,휘경제2동,2025-12-31
C033,김세원,M,34,010-9244-3128,doyoon4@example.com,성동구,행당제1동,종로구,숭인제2동,2025-06-11
C034,김송애,F,62,010-8468-9668,daeun32@example.com,동대문구,휘경제1동,성동구,사근동,2026-06-24
C035,정영식,M,66,010-5635-9922,chaewon93@example.com,광진구,능동,관악구,미성동,2024-06-05
C036,최도성,M,23,010-4915-2363,seoyoon89@example.com,용산구,한강로동,성동구,왕십리도선동,2025-12-12
C037,김찬민,M,22,010-9041-5225,seohyun32@example.com,종로구,숭인제2동,노원구,월계3동,2026-01-03
C038,오시자,F,90,010-4362-7629,seunghyun74@example.com,도봉구,방학제1동,종로구,이화동,2024-09-06
C039,원상희,F,38,010-3168-1608,sanghyun83@example.com,강남구,세곡동,강남구,일원본동,2024-05-25
C040,최동현,M,33,010-6394-3524,minseo31@example.com,강동구,천호제1동,용산구,서빙고동,2026-01-08
C041,김상제,M,42,010-5506-9409,kitae2@example.com,광진구,구의제3동,중랑구,묵제2동,2024-08-06
C042,신은경,F,35,010-7098-3668,yejun51@example.com,송파구,잠실7동,강남구,신사동,2025-10-21
C043,정유자,F,81,010-2797-1225,subin71@example.com,용산구,남영동,강서구,화곡본동,2025-12-03
C044,오우주,M,46,010-2113-1727,hayoon40@example.com,강동구,명일제1동,강남구,개포4동,2024-10-12
C045,김은정,F,35,010-6965-5689,woojin29@example.com,강동구,고덕제1동,영등포구,신길제1동,2026-05-28
C046,김종현,M,71,010-5996-8567,minjun11@example.com,영등포구,신길제1동,서초구,서초4동,2024-05-13
C047,김민경,F,37,010-9696-2633,jimin93@example.com,영등포구,신길제7동,,,2026-02-03
C048,이금자,F,76,010-8062-6972,woojin83@example.com,중랑구,상봉제2동,구로구,개봉제2동,2026-01-26
C049,김옥순,F,88,010-5776-9399,hajun86@example.com,영등포구,대림제3동,강서구,등촌제1동,2025-07-26
C050,윤종원,M,36,010-4367-2023,gunwoo65@example.com,강동구,고덕제2동,강남구,개포2동,2026-04-04
C051,김종현,M,60,010-3230-9951,hyunwoo74@example.com,서초구,양재2동,노원구,월계1동,2026-02-14
C052,김규태,M,40,010-1599-4220,jiwoo15@example.com,광진구,자양제1동,영등포구,문래동,2026-02-22
C053,이복례,F,57,010-2294-6387,jiho17@example.com,성동구,성수1가제2동,중구,장충동,2024-09-27
C054,강영자,F,70,010-2039-7381,hayoon6@example.com,광진구,중곡제2동,은평구,진관동,2024-06-14
C055,최영남,F,94,010-6320-8227,seoyoon39@example.com,관악구,서림동,강북구,수유2동,2024-10-29
C056,주종훈,M,52,010-8875-5828,yerin5@example.com,서대문구,남가좌제2동,용산구,이촌제2동,2024-06-21
C057,정재윤,M,24,010-3244-9539,jiyu42@example.com,성북구,장위제2동,강남구,역삼1동,2024-02-16
C058,배주경,F,61,010-5713-1839,junseo83@example.com,용산구,한남동,은평구,갈현제2동,2024-02-19
C059,김충조,M,84,010-1892-8206,sanghyun90@example.com,동대문구,용두동,강동구,길동,2026-07-19
C060,송금자,F,61,010-8015-6546,jaehyun78@example.com,영등포구,여의동,,,2024-05-07
C061,김강,M,31,010-5628-8503,yerin46@example.com,동작구,사당제5동,영등포구,대림제3동,2024-12-31
C062,성은경,F,63,010-3398-4902,gaeun48@example.com,광진구,광장동,영등포구,당산제1동,2025-01-31
C063,김성민,M,47,010-4307-7632,jiyu33@example.com,노원구,상계3.4동,동작구,상도제2동,2024-12-26
C064,장경환,M,62,010-3671-7037,jihun91@example.com,서초구,잠원동,용산구,원효로제2동,2025-04-01
C065,양석호,M,64,010-5818-5403,sua65@example.com,동대문구,신설동,마포구,서강동,2026-02-03
C066,최수민,F,21,010-6696-2590,yerin73@example.com,종로구,사직동,동대문구,전농제2동,2024-07-11
C067,강현준,M,46,010-8746-9572,yujin61@example.com,강서구,방화제3동,서대문구,홍제제1동,2024-03-31
C068,이양미,F,60,010-1760-7510,hyewon14@example.com,송파구,잠실4동,중구,중림동,2026-06-29
C069,임형자,F,84,010-6343-9969,jaehyun79@example.com,송파구,오륜동,송파구,오금동,2026-06-17
C070,길태환,M,24,010-6310-5684,juwon62@example.com,광진구,능동,광진구,구의제3동,2024-06-11
C071,남삼례,F,54,010-6151-7113,yeonwoo52@example.com,영등포구,당산제2동,동작구,사당제1동,2025-12-26
C072,장재홍,M,56,010-5429-2252,bomin93@example.com,서초구,서초3동,성북구,보문동,2024-04-23
C073,박명준,M,51,010-1789-7559,jiwoo42@example.com,송파구,잠실3동,강남구,일원1동,2026-01-05
C074,문권순,M,62,010-4002-8354,jihun63@example.com,중랑구,묵제1동,동작구,흑석동,2026-01-25
C075,김복순,F,74,010-9651-2330,sunwoo9@example.com,송파구,거여1동,,,2025-06-11
C076,한경자,F,81,010-2583-5976,taeyoon94@example.com,송파구,마천2동,강남구,개포4동,2024-12-08
C077,채희준,M,61,010-6867-9879,jiwon1@example.com,금천구,시흥제1동,송파구,오륜동,2026-03-15
C078,최혜정,F,28,010-8901-6733,jimin13@example.com,성동구,송정동,강남구,수서동,2025-03-30
C079,김소희,F,33,010-1861-5088,seoyeon72@example.com,관악구,난곡동,금천구,시흥제3동,2025-02-13
C080,최윤영,F,23,010-1108-3717,kitae52@example.com,강남구,청담동,용산구,서빙고동,2025-12-02
C081,감승준,M,36,010-1397-8912,subin68@example.com,성북구,길음제2동,성동구,왕십리제2동,2026-01-09
C082,이병배,M,67,010-6609-1813,seoyoon68@example.com,강남구,신사동,강남구,논현2동,2026-03-31
C083,박하진,F,27,010-8689-7990,hajun81@example.com,광진구,중곡제1동,구로구,구로제1동,2024-01-14
C084,표병관,M,43,010-1049-1048,chaewon16@example.com,중구,필동,성동구,금호4가동,2026-02-17
C085,조세현,M,24,010-3590-8644,sieun25@example.com,중구,을지로동,강남구,대치2동,2025-09-27
C086,연승미,F,47,010-8615-7283,sieun82@example.com,관악구,중앙동,,,2025-02-28
C087,권도수,M,26,010-5934-6670,hyunwoo9@example.com,서초구,방배3동,,,2025-03-02
C088,전부남,F,88,010-1141-3436,jaehyun10@example.com,금천구,독산제4동,,,2025-05-11
C089,장형용,M,61,010-1631-6546,hyewon1@example.com,중구,광희동,서대문구,북가좌제2동,2024-07-27
C090,최범식,M,79,010-4340-1825,soyul77@example.com,광진구,구의제2동,동대문구,전농제2동,2024-12-23
C091,박창용,M,54,010-3290-6727,jiwon87@example.com,양천구,신월7동,종로구,삼청동,2025-02-28
C092,손지은,F,37,010-4765-6202,hajun54@example.com,금천구,시흥제2동,강남구,세곡동,2024-09-01
C093,김정록,M,20,010-5154-5575,jimin69@example.com,노원구,상계5동,,,2026-05-18
C094,이은미,F,52,010-9530-3502,yejun10@example.com,성북구,보문동,구로구,구로제4동,2025-08-06
C095,이진택,M,54,010-9743-4706,sungmin16@example.com,노원구,상계8동,강북구,수유2동,2026-03-09
C096,정솔지,F,36,010-9284-1324,sanghyun30@example.com,노원구,월계1동,서초구,반포본동,2025-03-29
C097,김종기,M,72,010-4157-6091,yejun59@example.com,금천구,독산제3동,,,2025-06-03
C098,이다연,F,33,010-3216-8086,jiwon34@example.com,마포구,도화동,노원구,중계2.3동,2024-07-06
C099,김성지,M,42,010-9655-5614,sunwoo81@example.com,영등포구,영등포본동,종로구,사직동,2025-06-14
C100,김용갑,M,78,010-7600-5682,hayoon27@example.com,동작구,신대방제2동,중구,약수동,2024-08-21