fid,BASE_DATE,ADM_CD,ADM_NM,AREA
1,"20250630","11050560",중곡2동,545541.304149066
2,"20250630","11050610",구의2동,1388038.30724433
3,"20250630","11050620",구의3동,1027559.68329613
4,"20250630","11050590",능동,1092103.42828448
5,"20250630","11050600",구의1동,595003.618607853
6,"20250630","11050650",자양2동,1657520.79775692
7,"20250630","11050660",자양3동,1196418.00717704
8,"20250630","11050630",광장동,2393756.26318402
9,"20250630","11050640",자양1동,568867.126005058
10,"20250630","11060720",휘경1동,521795.846421984
11,"20250630","11060730",휘경2동,1113608.01811301
12,"20250630","11050670",자양4동,1180046.41721599
13,"20250630","11060710",회기동,766916.275058301
14,"20250630","11060820",제기동,1181704.23908127
15,"20250630","11060830",전농1동,1126694.74931484
16,"20250630","11060800",청량리동,1204397.55698881
17,"20250630","11060810",용신동,1618398.7891993
18,"20250630","11060870",장안1동,1342166.40111748
19,"20250630","11060880",장안2동,996639.280084427
20,"20250630","11060840",전농2동,977566.88528904
21,"20250630","11060860",답십리2동,875744.299037428
22,"20250630","11060910",답십리1동,788241.345025406
23,"20250630","11070520",면목2동,763120.686981181
24,"20250630","11060890",이문1동,1038801.92647763
25,"20250630","11060900",이문2동,724570.804671793
26,"20250630","11250670",성내3동,647354.190387851
27,"20250630","11250700",둔촌1동,912174.247693005
28,"20250630","11250650",성내1동,663673.109041371
29,"20250630","11250660",성내2동,625145.186647269
30,"20250630","11250730",천호2동,1851166.61484366
31,"20250630","11250740",길동,1631609.59573912
32,"20250630","11250710",둔촌2동,1550448.83547267
33,"20250630","11250720",암사1동,735476.995350722
34,"20250630","11250770",상일2동,1116395.74533009
35,"20250630","11250750",강일동,2272154.51513348
36,"20250630","11250760",상일1동,1804035.92040626
37,"20250630","11240560",마천2동,890684.194592919
38,"20250630","11240570",방이1동,609257.590859147
39,"20250630","11240540",거여2동,509618.340651864
40,"20250630","11240550",마천1동,575255.449823918
41,"20250630","11240600",오금동,1648862.29615647
42,"20250630","11240610",송파1동,686923.656055022
43,"20250630","11240580",방이2동,769838.995273565
44,"20250630","11240590",오륜동,3085078.23755356
45,"20250630","11240640",삼전동,953336.525433806
46,"20250630","11240650",가락본동,1014735.37696901
47,"20250630","11240620",송파2동,631021.014722012
48,"20250630","11240630",석촌동,946912.459601289
49,"20250630","11240680",문정1동,612544.290715987
50,"20250630","11240690",문정2동,2242026.32616794
51,"20250630","11240660",가락1동,1393224.56716009
52,"20250630","11240670",가락2동,932308.283266765
53,"20250630","11240770",잠실6동,1507998.31577337
54,"20250630","11240780",잠실7동,723485.584216266
55,"20250630","11240710",잠실본동,1028995.49075138
56,"20250630","11240750",잠실4동,780201.730523681
57,"20250630","11240810",장지동,1278350.64799203
58,"20250630","11240820",위례동,2640642.03191616
59,"20250630","11240790",잠실2동,2686847.24735255
60,"20250630","11240800",잠실3동,1542640.13440433
61,"20250630","11250550",고덕1동,1516987.76669987
62,"20250630","11250560",고덕2동,2476801.69227363
63,"20250630","11250530",명일1동,634939.462745606
64,"20250630","11250540",명일2동,914324.507582445
65,"20250630","11250610",천호1동,668995.866181385
66,"20250630","11250630",천호3동,561551.460811303
67,"20250630","11250580",암사2동,2174323.00347843
68,"20250630","11250590",암사3동,1799361.17343881
69,"20250630","11190610",양평1동,974909.718062857
70,"20250630","11190620",양평2동,2874589.81542896
71,"20250630","11190550",당산1동,745303.093289058
72,"20250630","11190560",당산2동,1581016.94398622
73,"20250630","11190660",신길4동,322601.113432704
74,"20250630","11190670",신길5동,494651.87355438
75,"20250630","11190630",신길1동,722923.748098312
76,"20250630","11190650",신길3동,520082.46802677
77,"20250630","11190700",대림1동,498976.901351358
78,"20250630","11190710",대림2동,572546.728109037
79,"20250630","11190680",신길6동,618352.523062877
80,"20250630","11190690",신길7동,647168.858778437
81,"20250630","11190740",영등포동,1372381.38445786
82,"20250630","11190750",도림동,585883.458029128
83,"20250630","11190720",대림3동,921694.470441974
84,"20250630","11190730",영등포본동,846369.133393822
85,"20250630","11200530",상도1동,1482533.1884026
86,"20250630","11200540",상도2동,778978.401609459
87,"20250630","11190760",문래동,1786704.38637407
88,"20250630","11200520",노량진2동,600567.970929695
89,"20250630","11200630",사당1동,635172.355497241
90,"20250630","11200650",사당3동,907714.276566062
91,"20250630","11200550",상도3동,637374.484342067
92,"20250630","11200560",상도4동,939561.673787903
93,"20250630","11200680",대방동,1544901.33692541
94,"20250630","11200690",신대방1동,675279.524751537
95,"20250630","11200660",사당4동,436147.659138475
96,"20250630","11200670",사당5동,682198.18962148
97,"20250630","11200720",노량진1동,1613444.91339551
98,"20250630","11200730",사당2동,2763171.048562
99,"20250630","11200700",신대방2동,970416.509353084
100,"20250630","11200710",흑석동,1708305.2536436
101,"20250630","11160740",우장산동,1261581.82701945
102,"20250630","11160751",가양1동,4869245.96032073
103,"20250630","11160710",방화2동,6157495.53527905
104,"20250630","11160730",화곡1동,1197513.19869492
105,"20250630","11170520",구로1동,1008889.29722961
106,"20250630","11170540",구로3동,1040105.5637743
107,"20250630","11160761",방화3동,2558863.23541879
108,"20250630","11170510",신도림동,1392784.50926078
109,"20250630","11170610",고척1동,1151234.2004472
110,"20250630","11170620",고척2동,1025425.07264165
111,"20250630","11170550",구로4동,524499.808943168
112,"20250630","11170560",구로5동,1012470.73021328
113,"20250630","11170670",오류1동,727604.107258243
114,"20250630","11170690",수궁동,2661336.59565153
115,"20250630","11170640",개봉2동,782454.04013423
116,"20250630","11170650",개봉3동,828414.68395464
117,"20250630","11170720",개봉1동,1320261.97864947
118,"20250630","11170730",오류2동,3061069.02028595
119,"20250630","11170700",가리봉동,410998.015662614
120,"20250630","11170710",구로2동,1703350.93108864
121,"20250630","11180520",독산1동,2061916.07975149
122,"20250630","11180530",독산2동,617206.76042509
123,"20250630","11170740",항동,1446932.7179561
124,"20250630","11180510",가산동,2512845.86507387
125,"20250630","11180570",시흥1동,1523354.83164559
126,"20250630","11180580",시흥2동,1308879.88299142
127,"20250630","11180540",독산3동,934983.261799805
128,"20250630","11180550",독산4동,591010.087157688
129,"20250630","11180610",시흥5동,1386970.37915076
130,"20250630","11190540",여의동,8437534.37509793
131,"20250630","11180590",시흥3동,1261388.42622413
132,"20250630","11180600",시흥4동,821707.952456261
133,"20250630","11220640",방배3동,2375133.3775561
134,"20250630","11220650",방배4동,949526.831714263
135,"20250630","11220620",방배1동,689244.451064731
136,"20250630","11220630",방배2동,1904030.44767544
137,"20250630","11220680",내곡동,12708949.9237672
138,"20250630","11230510",신사동,2059234.04499409
139,"20250630","11220660",양재1동,5764462.83035484
140,"20250630","11220670",양재2동,7563162.03271393
141,"20250630","11230530",논현2동,1458523.56578293
142,"20250630","11230580",삼성1동,1944627.24519602
143,"20250630","11230511",개포3동,1300288.51514643
144,"20250630","11230520",논현1동,1258743.89696405
145,"20250630","11230630",대치4동,701080.937288114
146,"20250630","11230640",역삼1동,2362132.41515307
147,"20250630","11230590",삼성2동,1242270.85022037
148,"20250630","11230600",대치1동,809822.245138431
149,"20250630","11230670",도곡2동,990762.412711997
150,"20250630","11230680",개포1동,1449950.56357526
151,"20250630","11230650",역삼2동,1135028.78580273
152,"20250630","11230660",도곡1동,1050608.86371549
153,"20250630","11230730",일원1동,953469.81382235
154,"20250630","11230750",수서동,1629400.1953445
155,"20250630","11230710",개포4동,1665459.91537529
156,"20250630","11230720",일원본동,2354621.34097566
157,"20250630","11230780",청담동,2329215.61670793
158,"20250630","11230790",대치2동,1837365.35804016
159,"20250630","11230760",세곡동,6366906.07044765
160,"20250630","11230770",압구정동,2345056.2080757
161,"20250630","11240520",풍납2동,2564548.4517027
162,"20250630","11240530",거여1동,522306.362351315
163,"20250630","11230800",개포2동,2243336.373387
164,"20250630","11240510",풍납1동,1075291.04249786
165,"20250630","11210570",행운동,718234.399042717
166,"20250630","11210580",낙성대동,2262817.24055558
167,"20250630","11210520",보라매동,756664.347854533
168,"20250630","11210540",청림동,297154.81280527
169,"20250630","11210630",남현동,3281023.45678311
170,"20250630","11210640",서원동,647531.774759333
171,"20250630","11210610",중앙동,384728.051486599
172,"20250630","11210620",인헌동,1089077.34882574
173,"20250630","11210680",신사동,641101.2690419
174,"20250630","11210690",신림동,541168.526733439
175,"20250630","11210650",신원동,544976.426133717
176,"20250630","11210660",서림동,941251.110776377
177,"20250630","11210730",대학동,8405178.47596529
178,"20250630","11210780",은천동,776211.494272296
179,"20250630","11210710",난향동,821395.44255839
180,"20250630","11210720",조원동,666605.579900263
181,"20250630","11210810",난곡동,972371.602013015
182,"20250630","11210820",삼성동,2604383.91943294
183,"20250630","11210790",성현동,678222.257692185
184,"20250630","11210800",청룡동,1195603.61032215
185,"20250630","11220520",서초2동,1231167.61598676
186,"20250630","11220530",서초3동,2998571.66005904
187,"20250630","11210830",미성동,1359427.61144657
188,"20250630","11220510",서초1동,1382684.93947222
189,"20250630","11220560",반포본동,972535.792787628
190,"20250630","11220570",반포1동,992367.583655104
191,"20250630","11220540",서초4동,879773.068563124
192,"20250630","11220550",잠원동,1756866.58895556
193,"20250630","11220600",반포4동,1427140.76496484
194,"20250630","11220610",방배본동,677510.025566555
195,"20250630","11220580",반포2동,1396031.10424371
196,"20250630","11220590",반포3동,1251708.17265185
197,"20250630","11110580",하계1동,1527059.03686799
198,"20250630","11110590",하계2동,500057.416167206
199,"20250630","11110530",월계3동,1134156.90520725
200,"20250630","11110560",공릉2동,6985017.73727496
201,"20250630","11110640",중계4동,1519269.23350392
202,"20250630","11110650",상계1동,5402609.25563403
203,"20250630","11110600",중계본동,2183230.86805161
204,"20250630","11110610",중계1동,623449.897641445
205,"20250630","11110720",상계8동,666347.762905999
206,"20250630","11110730",상계9동,719528.302062344
207,"20250630","11110660",상계2동,623124.974650812
208,"20250630","11110690",상계5동,906806.463528003
209,"20250630","11110770",상계6·7동,1450260.12081282
210,"20250630","11110780",중계2·3동,919082.419389662
211,"20250630","11110740",상계10동,809213.899883425
212,"20250630","11110760",상계3·4동,5211878.66450539
213,"20250630","11120520",불광1동,3124924.74782615
214,"20250630","11120550",갈현1동,961069.971054395
215,"20250630","11110790",공릉1동,1263259.35706727
216,"20250630","11120510",녹번동,1794213.61290964
217,"20250630","11120580",대조동,851691.556741446
218,"20250630","11120590",응암1동,1109861.69168921
219,"20250630","11120560",갈현2동,985163.850818067
220,"20250630","11120570",구산동,1389772.69923563
221,"20250630","11120660",신사2동,1046220.27196433
222,"20250630","11120670",증산동,807727.80240659
223,"20250630","11120600",응암2동,755246.186865714
224,"20250630","11120650",신사1동,808312.277670399
225,"20250630","11120720",불광2동,1396087.58009253
226,"20250630","11120730",응암3동,752771.80525818
227,"20250630","11120680",수색동,1289935.0532824
228,"20250630","11120710",진관동,11565305.0200001
229,"20250630","11080850",석관동,1705170.65507807
230,"20250630","11090600",번1동,627035.762464634
231,"20250630","11080830",동선동,724807.228953226
232,"20250630","11080840",종암동,1404527.12826933
233,"20250630","11090630",수유1동,1649962.45923547
234,"20250630","11090640",수유2동,581616.569584962
235,"20250630","11090610",번2동,974297.379146866
236,"20250630","11090620",번3동,1081176.20302442
237,"20250630","11090700",미아동,841204.370933324
238,"20250630","11090710",송중동,1075795.37221754
239,"20250630","11090650",수유3동,745644.928129784
240,"20250630","11090690",삼양동,924091.746284392
241,"20250630","11090740",우이동,10587797.3587005
242,"20250630","11090750",인수동,2997966.20551466
243,"20250630","11090720",송천동,929912.770702089
244,"20250630","11090730",삼각산동,621910.755396279
245,"20250630","11100530",쌍문3동,504805.377293847
246,"20250630","11100540",쌍문4동,554867.382044144
247,"20250630","11100510",쌍문1동,1175773.98173082
248,"20250630","11100520",쌍문2동,541192.437617535
249,"20250630","11100570",방학3동,1951025.48224443
250,"20250630","11100590",창1동,1122170.84935345
251,"20250630","11100550",방학1동,1040856.59233807
252,"20250630","11100560",방학2동,1092813.97760524
253,"20250630","11100620",창4동,1139670.86661234
254,"20250630","11100630",창5동,701475.884458488
255,"20250630","11100600",창2동,654441.853983116
256,"20250630","11100610",창3동,655485.254315617
257,"20250630","11110510",월계1동,1141585.35958209
258,"20250630","11110520",월계2동,2005287.94895675
259,"20250630","11100640",도봉1동,8451466.42589312
260,"20250630","11100650",도봉2동,1119030.58800333
261,"20250630","11150540",목4동,577491.217306535
262,"20250630","11150570",신월1동,622396.409231631
263,"20250630","11150520",목2동,1021352.45834582
264,"20250630","11150530",목3동,531848.171094495
265,"20250630","11150600",신월4동,469870.966596105
266,"20250630","11150610",신월5동,638564.00020158
267,"20250630","11150580",신월2동,606808.671203031
268,"20250630","11150590",신월3동,918034.203684149
269,"20250630","11150640",신정1동,747565.402344229
270,"20250630","11150650",신정2동,525897.521879868
271,"20250630","11150620",신월6동,444284.210495894
272,"20250630","11150630",신월7동,1230620.8909889
273,"20250630","11150700",신정7동,1234125.91631458
274,"20250630","11150710",목5동,1766355.94813731
275,"20250630","11150660",신정3동,2756522.28937547
276,"20250630","11150690",신정6동,940881.636873846
277,"20250630","11160520",등촌1동,650738.379326209
278,"20250630","11160530",등촌2동,910662.222516245
279,"20250630","11150720",신정4동,997139.750992526
280,"20250630","11160510",염창동,1734451.82771703
281,"20250630","11160570",화곡2동,454618.780128075
282,"20250630","11160580",화곡3동,521817.178719215
283,"20250630","11160540",등촌3동,1060357.61790851
284,"20250630","11160550",화곡본동,972372.613379606
285,"20250630","11160630",화곡8동,593677.6930848
286,"20250630","11160650",가양2동,823871.058292499
287,"20250630","11160590",화곡4동,852045.786616123
288,"20250630","11160610",화곡6동,1037906.97438333
289,"20250630","11160690",공항동,10963666.5149992
290,"20250630","11160700",방화1동,1475596.08495788
291,"20250630","11160660",가양3동,472624.607246318
292,"20250630","11160670",발산1동,2887651.65241851
293,"20250630","11130620",홍제1동,1235748.55496882
294,"20250630","11130640",홍제3동,1208888.80621376
295,"20250630","11120740",역촌동,1157540.57480353
296,"20250630","11130520",천연동,982816.180585729
297,"20250630","11130680",홍은2동,2075040.8723445
298,"20250630","11130690",남가좌1동,475535.682163804
299,"20250630","11130650",홍제2동,699977.344219345
300,"20250630","11130660",홍은1동,1598758.1116622
301,"20250630","11130720",북가좌2동,824950.545198064
302,"20250630","11130730",충현동,1116000.97680895
303,"20250630","11130700",남가좌2동,783613.36901686
304,"20250630","11130710",북가좌1동,577978.485632837
305,"20250630","11130760",연희동,2929250.19498663
306,"20250630","11140590",용강동,790601.028755815
307,"20250630","11130740",북아현동,458992.81564021
308,"20250630","11130750",신촌동,2720232.68288325
309,"20250630","11140630",신수동,797878.828336459
310,"20250630","11140660",서교동,1678769.22166618
311,"20250630","11140600",대흥동,848198.051234668
312,"20250630","11140610",염리동,497332.785526149
313,"20250630","11140700",망원2동,676409.293465789
314,"20250630","11140710",연남동,647438.983596255
315,"20250630","11140680",합정동,1712386.08179865
316,"20250630","11140690",망원1동,1101002.65464808
317,"20250630","11140740",상암동,8402390.9268179
318,"20250630","11140750",도화동,625017.929600411
319,"20250630","11140720",성산1동,859252.948679063
320,"20250630","11140730",성산2동,1978720.06146763
321,"20250630","11140780",아현동,748833.939918509
322,"20250630","11150510",목1동,1433106.57510794
323,"20250630","11140760",서강동,1478782.95430555
324,"20250630","11140770",공덕동,1019280.33151626
325,"20250630","11030520",용산2가동,1971591.77041708
326,"20250630","11030530",남영동,1177788.50862617
327,"20250630","11020730",동화동,327045.385484342
328,"20250630","11030510",후암동,865918.033989993
329,"20250630","11030590",용문동,277531.342309086
330,"20250630","11030630",이촌1동,2872766.03880797
331,"20250630","11030570",원효로2동,708974.821619523
332,"20250630","11030580",효창동,446206.415479531
333,"20250630","11030660",이태원2동,874189.331676891
334,"20250630","11030690",서빙고동,2817211.47461928
335,"20250630","11030640",이촌2동,1205542.78972362
336,"20250630","11030650",이태원1동,582846.405425397
337,"20250630","11030720",원효로1동,589057.19086534
338,"20250630","11030730",한강로동,2869815.51506807
339,"20250630","11030700",보광동,715193.465924235
340,"20250630","11030710",청파동,886184.482953015
341,"20250630","11040540",마장동,1034941.35390459
342,"20250630","11040550",사근동,1169549.53056482
343,"20250630","11030740",한남동,3031876.97298861
344,"20250630","11040520",왕십리2동,372541.579575549
345,"20250630","11040580",응봉동,553584.234342184
346,"20250630","11040590",금호1가동,445433.9219256
347,"20250630","11040560",행당1동,573565.469683256
348,"20250630","11040570",행당2동,457668.776107512
349,"20250630","11040660",성수1가2동,930085.137293947
350,"20250630","11040670",성수2가1동,1184963.66374682
351,"20250630","11040620",금호4가동,831818.035508865
352,"20250630","11040650",성수1가1동,1885873.99475071
353,"20250630","11040700",용답동,2377146.13398779
354,"20250630","11040710",왕십리도선동,710285.28041145
355,"20250630","11040680",성수2가3동,1054500.58710659
356,"20250630","11040690",송정동,681915.012033232
357,"20250630","11010540",삼청동,1478293.69736925
358,"20250630","11010550",부암동,2274981.04477879
359,"20250630","11010530",사직동,1158535.55925108
360,"20250630","11010580",교남동,346925.488462145
361,"20250630","11010600",가회동,540004.442418938
362,"20250630","11010560",평창동,8947083.28353209
363,"20250630","11010570",무악동,369520.242869658
364,"20250630","11010640",이화동,782398.795644197
365,"20250630","11010670",창신1동,305145.297761097
366,"20250630","11010610",종로1·2·3·4가동,2416033.08666296
367,"20250630","11010630",종로5·6가동,603166.82336153
368,"20250630","11010700",숭인1동,239396.067452004
369,"20250630","11010710",숭인2동,351906.178548322
370,"20250630","11010680",창신2동,257515.070003193
371,"20250630","11010690",창신3동,216835.457476096
372,"20250630","11020520",소공동,943794.773559084
373,"20250630","11020540",회현동,897827.063427072
374,"20250630","11010720",청운효자동,2570477.37785328
375,"20250630","11010730",혜화동,1132552.69369394
376,"20250630","11020580",장충동,1017787.67360857
377,"20250630","11020590",광희동,737206.332104545
378,"20250630","11020550",명동,969602.272697214
379,"20250630","11020570",필동,1464686.12215928
380,"20250630","11020670",황학동,328639.542313807
381,"20250630","11020680",중림동,484290.97281547
382,"20250630","11020600",을지로동,611651.259173868
383,"20250630","11020650",신당5동,319589.914502936
384,"20250630","11020710",약수동,486232.61962049
385,"20250630","11020720",청구동,342570.630122856
386,"20250630","11020690",신당동,534941.500712364
387,"20250630","11020700",다산동,524104.960916367
388,"20250630","11070570",면목7동,1235472.76548738
389,"20250630","11070590",상봉1동,853776.789824451
390,"20250630","11070540",면목4동,843465.197100506
391,"20250630","11070550",면목5동,704935.104297063
392,"20250630","11070620",중화2동,1016954.25512108
393,"20250630","11070640",묵1동,1238434.41554504
394,"20250630","11070600",상봉2동,677444.321783803
395,"20250630","11070610",중화1동,641933.258215266
396,"20250630","11070690",신내1동,2604784.49742471
397,"20250630","11070700",신내2동,911308.356997309
398,"20250630","11070650",묵2동,669202.822803566
399,"20250630","11070680",망우3동,962559.235674263
400,"20250630","11070730",망우본동,2950232.3070517
401,"20250630","11080580",돈암1동,489295.469640135
402,"20250630","11070710",면목본동,849017.372033705
403,"20250630","11070720",면목3·8동,1614772.8354443
404,"20250630","11080610",보문동,553006.096843125
405,"20250630","11080620",정릉1동,411965.298560634
406,"20250630","11080590",돈암2동,518484.710979199
407,"20250630","11080600",안암동,1379570.53164569
408,"20250630","11080650",정릉4동,3570913.65374146
409,"20250630","11080660",길음1동,797312.71717496
410,"20250630","11080630",정릉2동,1094889.47282048
411,"20250630","11080640",정릉3동,3327125.47053713
412,"20250630","11080720",월곡2동,1365243.34749088
413,"20250630","11080760",장위1동,708545.741087711
414,"20250630","11080680",길음2동,588001.620728726
415,"20250630","11080710",월곡1동,801756.749060762
416,"20250630","11080810",성북동,2879780.03342982
417,"20250630","11080820",삼선동,926226.748025539
418,"20250630","11080770",장위2동,679557.186911576
419,"20250630","11080780",장위3동,652600.906088063
420,"20250630","11050530",화양동,1136291.4877226
421,"20250630","11050540",군자동,738024.69762124
422,"20250630","11040720",금호2·3가동,631195.85968452
423,"20250630","11040730",옥수동,1922194.57082392
424,"20250630","11050570",중곡3동,601865.491213951
425,"20250630","11050580",중곡4동,2313464.25140243
426,"20250630","11050550",중곡1동,614504.081657741
