구,행정동명,행정동ID_8자리,아파트매매_면적별시세
강남구,개포1동,11230680,"135㎡초과 520,000만원 / 20-40㎡ 170,000만원 / 40-60㎡ 267,000만원 / 60-85㎡ 348,000만원 / 85-135㎡ 299,000만원"
강남구,개포2동,11230800,"135㎡초과 520,000만원 / 20-40㎡ 170,000만원 / 40-60㎡ 290,000만원 / 60-85㎡ 355,000만원 / 85-135㎡ 431,000만원"
강남구,개포3동,11230511,"135㎡초과 520,000만원 / 20-40㎡ 170,000만원 / 40-60㎡ 205,500만원 / 60-85㎡ 294,500만원 / 85-135㎡ 390,000만원"
강남구,개포4동,11230710,"135㎡초과 520,000만원 / 20-40㎡ 170,000만원 / 40-60㎡ 267,000만원 / 60-85㎡ 318,000만원 / 85-135㎡ 380,000만원"
강남구,논현1동,11230520,"135㎡초과 520,000만원 / 20-40㎡ 124,000만원 / 40-60㎡ 100,000만원 / 60-85㎡ 127,500만원 / 85-135㎡ 157,000만원"
강남구,논현2동,11230530,"135㎡초과 520,000만원 / 20-40㎡ 123,500만원 / 40-60㎡ 109,000만원 / 60-85㎡ 216,000만원 / 85-135㎡ 170,000만원"
강남구,대치1동,11230600,"135㎡초과 590,000만원 / 20-40㎡ 30,000만원 / 40-60㎡ 250,000만원 / 60-85㎡ 391,000만원 / 85-135㎡ 475,000만원"
강남구,대치2동,11230790,"135㎡초과 540,000만원 / 20-40㎡ 30,000만원 / 40-60㎡ 250,000만원 / 60-85㎡ 350,000만원 / 85-135㎡ 418,000만원"
강남구,대치4동,11230630,"135㎡초과 540,000만원 / 20-40㎡ 30,000만원 / 40-60㎡ 250,000만원 / 60-85㎡ 360,000만원 / 85-135㎡ 447,500만원"
강남구,도곡1동,11230660,"135㎡초과 295,000만원 / 20-40㎡ 30,000만원 / 40-60㎡ 278,000만원 / 60-85㎡ 250,000만원 / 85-135㎡ 235,000만원"
강남구,도곡2동,11230670,"135㎡초과 450,000만원 / 20-40㎡ 39,850만원 / 40-60㎡ 285,000만원 / 60-85㎡ 347,000만원 / 85-135㎡ 375,000만원"
강남구,삼성1동,11230580,"135㎡초과 513,750만원 / 20-40㎡ 148,000만원 / 40-60㎡ 215,000만원 / 60-85㎡ 190,000만원 / 85-135㎡ 297,500만원"
강남구,삼성2동,11230590,"135㎡초과 472,500만원 / 20-40㎡ 148,000만원 / 40-60㎡ 220,000만원 / 60-85㎡ 331,000만원 / 85-135㎡ 302,000만원"
강남구,세곡동,11230760,"135㎡초과 520,000만원 / 20-40㎡ 140,000만원 / 40-60㎡ 149,500만원 / 60-85㎡ 180,000만원 / 85-135㎡ 220,000만원"
강남구,수서동,11230750,"135㎡초과 520,000만원 / 20-40㎡ 158,000만원 / 40-60㎡ 205,000만원 / 60-85㎡ 292,500만원 / 85-135㎡ 340,000만원"
강남구,신사동,11230510,"135㎡초과 915,000만원 / 20-40㎡ 140,000만원 / 40-60㎡ 218,000만원 / 60-85㎡ 500,000만원 / 85-135㎡ 610,000만원"
강남구,압구정동,11230770,"135㎡초과 775,000만원 / 20-40㎡ 140,000만원 / 40-60㎡ 167,500만원 / 60-85㎡ 520,000만원 / 85-135㎡ 549,000만원"
강남구,역삼1동,11230640,"135㎡초과 287,500만원 / 20-40㎡ 39,500만원 / 40-60㎡ 71,000만원 / 60-85㎡ 136,000만원 / 85-135㎡ 340,000만원"
강남구,역삼2동,11230650,"135㎡초과 357,500만원 / 20-40㎡ 32,750만원 / 40-60㎡ 266,000만원 / 60-85㎡ 298,000만원 / 85-135㎡ 357,500만원"
강남구,일원1동,11230730,"135㎡초과 520,000만원 / 20-40㎡ 140,000만원 / 40-60㎡ 209,500만원 / 60-85㎡ 272,500만원 / 85-135㎡ 315,000만원"
강남구,일원본동,11230720,"135㎡초과 520,000만원 / 20-40㎡ 150,250만원 / 40-60㎡ 209,500만원 / 60-85㎡ 258,500만원 / 85-135㎡ 340,000만원"
강남구,청담동,11230780,"135㎡초과 456,500만원 / 20-40㎡ 140,000만원 / 40-60㎡ 234,050만원 / 60-85㎡ 255,000만원 / 85-135㎡ 300,000만원"
강동구,강일동,11250750,"135㎡초과 174,000만원 / 20-40㎡ 51,788만원 / 20㎡이하 11,000만원 / 40-60㎡ 98,750만원 / 60-85㎡ 129,500만원 / 85-135㎡ 168,000만원"
강동구,고덕1동,11250550,"135㎡초과 174,000만원 / 20-40㎡ 51,788만원 / 20㎡이하 11,000만원 / 40-60㎡ 145,000만원 / 60-85㎡ 164,500만원 / 85-135㎡ 244,500만원"
강동구,고덕2동,11250560,"135㎡초과 174,000만원 / 20-40㎡ 51,788만원 / 20㎡이하 11,000만원 / 40-60㎡ 188,000만원 / 60-85㎡ 222,500만원 / 85-135㎡ 244,500만원"
강동구,길동,11250740,"135㎡초과 172,000만원 / 20-40㎡ 44,700만원 / 20㎡이하 10,400만원 / 40-60㎡ 116,500만원 / 60-85㎡ 79,250만원 / 85-135㎡ 60,000만원"
강동구,둔촌1동,11250700,"135㎡초과 174,000만원 / 20-40㎡ 167,500만원 / 20㎡이하 11,000만원 / 40-60㎡ 135,000만원 / 60-85㎡ 280,000만원 / 85-135㎡ 311,500만원"
강동구,둔촌2동,11250710,"135㎡초과 174,000만원 / 20-40㎡ 167,500만원 / 20㎡이하 11,000만원 / 40-60㎡ 133,000만원 / 60-85㎡ 129,000만원 / 85-135㎡ 169,000만원"
강동구,명일1동,11250530,"135㎡초과 174,000만원 / 20-40㎡ 51,788만원 / 20㎡이하 11,000만원 / 40-60㎡ 151,000만원 / 60-85㎡ 140,250만원 / 85-135㎡ 220,000만원"
강동구,명일2동,11250540,"135㎡초과 174,000만원 / 20-40㎡ 51,788만원 / 20㎡이하 11,000만원 / 40-60㎡ 151,000만원 / 60-85㎡ 179,000만원 / 85-135㎡ 220,000만원"
강동구,상일1동,11250760,"135㎡초과 174,000만원 / 20-40㎡ 51,788만원 / 20㎡이하 11,000만원 / 40-60㎡ 168,500만원 / 60-85㎡ 188,000만원 / 85-135㎡ 168,000만원"
강동구,상일2동,11250770,"135㎡초과 174,000만원 / 20-40㎡ 51,788만원 / 20㎡이하 11,000만원 / 40-60㎡ 89,250만원 / 60-85㎡ 128,000만원 / 85-135㎡ 168,000만원"
강동구,성내1동,11250650,"135㎡초과 174,000만원 / 20-40㎡ 32,750만원 / 20㎡이하 11,000만원 / 40-60㎡ 75,750만원 / 60-85㎡ 89,000만원 / 85-135㎡ 120,950만원"
강동구,성내2동,11250660,"135㎡초과 174,000만원 / 20-40㎡ 32,750만원 / 20㎡이하 11,000만원 / 40-60㎡ 126,000만원 / 60-85㎡ 111,000만원 / 85-135㎡ 125,700만원"
강동구,성내3동,11250670,"135㎡초과 174,000만원 / 20-40㎡ 32,750만원 / 20㎡이하 11,000만원 / 40-60㎡ 88,000만원 / 60-85㎡ 83,000만원 / 85-135㎡ 120,950만원"
강동구,암사1동,11250720,"135㎡초과 174,000만원 / 20-40㎡ 51,788만원 / 20㎡이하 11,000만원 / 40-60㎡ 156,000만원 / 60-85㎡ 121,500만원 / 85-135㎡ 178,000만원"
강동구,암사2동,11250580,"135㎡초과 174,000만원 / 20-40㎡ 51,788만원 / 20㎡이하 11,000만원 / 40-60㎡ 147,000만원 / 60-85㎡ 160,000만원 / 85-135㎡ 190,500만원"
강동구,암사3동,11250590,"135㎡초과 174,000만원 / 20-40㎡ 51,788만원 / 20㎡이하 11,000만원 / 40-60㎡ 168,000만원 / 60-85㎡ 175,000만원 / 85-135㎡ 200,000만원"
강동구,천호1동,11250610,"135㎡초과 174,000만원 / 20-40㎡ 33,000만원 / 20㎡이하 16,300만원 / 40-60㎡ 83,000만원 / 60-85㎡ 78,200만원 / 85-135㎡ 110,500만원"
강동구,천호2동,11250730,"135㎡초과 174,000만원 / 20-40㎡ 16,800만원 / 20㎡이하 16,300만원 / 40-60㎡ 78,250만원 / 60-85㎡ 105,000만원 / 85-135㎡ 115,000만원"
강동구,천호3동,11250630,"135㎡초과 174,000만원 / 20-40㎡ 31,500만원 / 20㎡이하 16,300만원 / 40-60㎡ 74,000만원 / 60-85㎡ 87,100만원 / 85-135㎡ 123,000만원"
강북구,미아동,11090700,"20-40㎡ 26,000만원 / 20㎡이하 13,000만원 / 40-60㎡ 72,250만원 / 60-85㎡ 57,000만원 / 85-135㎡ 82,350만원"
강북구,번1동,11090600,"20-40㎡ 26,000만원 / 20㎡이하 13,000만원 / 40-60㎡ 48,000만원 / 60-85㎡ 75,000만원 / 85-135㎡ 80,000만원"
강북구,번2동,11090610,"20-40㎡ 26,000만원 / 20㎡이하 13,000만원 / 40-60㎡ 45,750만원 / 60-85㎡ 60,000만원 / 85-135㎡ 80,000만원"
강북구,번3동,11090620,"20-40㎡ 26,000만원 / 20㎡이하 13,000만원 / 40-60㎡ 48,000만원 / 60-85㎡ 60,000만원 / 85-135㎡ 80,000만원"
강북구,삼각산동,11090730,"20-40㎡ 26,000만원 / 20㎡이하 13,000만원 / 40-60㎡ 70,000만원 / 60-85㎡ 78,500만원 / 85-135㎡ 84,200만원"
강북구,삼양동,11090690,"20-40㎡ 26,000만원 / 20㎡이하 13,000만원 / 40-60㎡ 60,800만원 / 60-85㎡ 68,000만원 / 85-135㎡ 72,500만원"
강북구,송중동,11090710,"20-40㎡ 26,000만원 / 20㎡이하 13,000만원 / 40-60㎡ 82,000만원 / 60-85㎡ 91,500만원 / 85-135㎡ 88,250만원"
강북구,송천동,11090720,"20-40㎡ 26,000만원 / 20㎡이하 13,000만원 / 40-60㎡ 97,750만원 / 60-85㎡ 95,900만원 / 85-135㎡ 82,350만원"
강북구,수유1동,11090630,"20-40㎡ 26,000만원 / 20㎡이하 12,950만원 / 40-60㎡ 53,375만원 / 60-85㎡ 56,500만원 / 85-135㎡ 75,000만원"
강북구,수유2동,11090640,"20-40㎡ 26,000만원 / 20㎡이하 12,950만원 / 40-60㎡ 57,875만원 / 60-85㎡ 60,250만원 / 85-135㎡ 76,000만원"
강북구,수유3동,11090650,"20-40㎡ 26,000만원 / 20㎡이하 12,950만원 / 40-60㎡ 53,375만원 / 60-85㎡ 56,500만원 / 85-135㎡ 75,000만원"
강북구,우이동,11090740,"20-40㎡ 26,000만원 / 20㎡이하 13,000만원 / 40-60㎡ 64,000만원 / 60-85㎡ 52,000만원 / 85-135㎡ 80,000만원"
강북구,인수동,11090750,"20-40㎡ 26,000만원 / 20㎡이하 12,950만원 / 40-60㎡ 53,375만원 / 60-85㎡ 52,500만원 / 85-135㎡ 75,000만원"
강서구,가양1동,11160751,"135㎡초과 142,500만원 / 20-40㎡ 72,500만원 / 20㎡이하 10,000만원 / 40-60㎡ 92,750만원 / 60-85㎡ 107,100만원 / 85-135㎡ 158,500만원"
강서구,가양2동,11160650,"135㎡초과 142,500만원 / 20-40㎡ 70,000만원 / 20㎡이하 10,000만원 / 40-60㎡ 107,000만원 / 60-85㎡ 120,000만원 / 85-135㎡ 139,750만원"
강서구,가양3동,11160660,"135㎡초과 142,500만원 / 20-40㎡ 72,000만원 / 20㎡이하 10,000만원 / 40-60㎡ 105,500만원 / 60-85㎡ 126,000만원 / 85-135㎡ 141,000만원"
강서구,공항동,11160690,"135㎡초과 142,500만원 / 20-40㎡ 63,000만원 / 20㎡이하 10,000만원 / 40-60㎡ 64,600만원 / 60-85㎡ 166,100만원 / 85-135㎡ 127,250만원"
강서구,등촌1동,11160520,"135㎡초과 140,750만원 / 20-40㎡ 68,250만원 / 20㎡이하 10,000만원 / 40-60㎡ 83,000만원 / 60-85㎡ 93,000만원 / 85-135㎡ 125,000만원"
강서구,등촌2동,11160530,"135㎡초과 140,750만원 / 20-40㎡ 68,250만원 / 20㎡이하 10,000만원 / 40-60㎡ 66,000만원 / 60-85㎡ 97,000만원 / 85-135㎡ 133,750만원"
강서구,등촌3동,11160540,"135㎡초과 140,750만원 / 20-40㎡ 69,000만원 / 20㎡이하 10,000만원 / 40-60㎡ 83,200만원 / 60-85㎡ 104,800만원 / 85-135㎡ 124,000만원"
강서구,발산1동,11160670,"135㎡초과 142,500만원 / 20-40㎡ 63,000만원 / 20㎡이하 10,000만원 / 40-60㎡ 113,000만원 / 60-85㎡ 115,500만원 / 85-135㎡ 163,500만원"
강서구,방화1동,11160700,"135㎡초과 142,500만원 / 20-40㎡ 63,000만원 / 20㎡이하 10,000만원 / 40-60㎡ 71,000만원 / 60-85㎡ 87,000만원 / 85-135㎡ 175,000만원"
강서구,방화2동,11160710,"135㎡초과 142,500만원 / 20-40㎡ 45,000만원 / 20㎡이하 10,000만원 / 40-60㎡ 61,750만원 / 60-85㎡ 73,500만원 / 85-135㎡ 88,500만원"
강서구,방화3동,11160761,"135㎡초과 142,500만원 / 20-40㎡ 46,500만원 / 20㎡이하 10,000만원 / 40-60㎡ 60,000만원 / 60-85㎡ 73,250만원 / 85-135㎡ 90,000만원"
강서구,염창동,11160510,"135㎡초과 142,500만원 / 20-40㎡ 63,000만원 / 20㎡이하 10,000만원 / 40-60㎡ 96,500만원 / 60-85㎡ 108,250만원 / 85-135㎡ 127,000만원"
강서구,우장산동,11160740,"135㎡초과 143,000만원 / 20-40㎡ 20,850만원 / 20㎡이하 10,000만원 / 40-60㎡ 137,000만원 / 60-85㎡ 145,000만원 / 85-135㎡ 165,000만원"
강서구,화곡1동,11160730,"135㎡초과 143,000만원 / 20-40㎡ 21,500만원 / 20㎡이하 10,000만원 / 40-60㎡ 39,900만원 / 60-85㎡ 52,000만원 / 85-135㎡ 129,800만원"
강서구,화곡2동,11160570,"135㎡초과 143,000만원 / 20-40㎡ 20,850만원 / 20㎡이하 10,000만원 / 40-60㎡ 73,250만원 / 60-85㎡ 90,750만원 / 85-135㎡ 129,800만원"
강서구,화곡3동,11160580,"135㎡초과 139,000만원 / 20-40㎡ 20,850만원 / 20㎡이하 10,000만원 / 40-60㎡ 81,000만원 / 60-85㎡ 97,250만원 / 85-135㎡ 119,500만원"
강서구,화곡4동,11160590,"135㎡초과 143,000만원 / 20-40㎡ 20,850만원 / 20㎡이하 10,000만원 / 40-60㎡ 73,250만원 / 60-85㎡ 90,750만원 / 85-135㎡ 129,800만원"
강서구,화곡6동,11160610,"135㎡초과 145,000만원 / 20-40㎡ 20,850만원 / 20㎡이하 10,000만원 / 40-60㎡ 73,250만원 / 60-85㎡ 86,000만원 / 85-135㎡ 133,500만원"
강서구,화곡8동,11160630,"135㎡초과 143,000만원 / 20-40㎡ 20,850만원 / 20㎡이하 10,000만원 / 40-60㎡ 73,250만원 / 60-85㎡ 60,000만원 / 85-135㎡ 129,800만원"
강서구,화곡본동,11160550,"135㎡초과 143,000만원 / 20-40㎡ 20,850만원 / 20㎡이하 10,000만원 / 40-60㎡ 73,250만원 / 60-85㎡ 40,000만원 / 85-135㎡ 129,800만원"
관악구,낙성대동,11210580,"135㎡초과 123,000만원 / 20-40㎡ 36,625만원 / 20㎡이하 15,000만원 / 40-60㎡ 100,600만원 / 60-85㎡ 88,500만원 / 85-135㎡ 117,900만원"
관악구,난곡동,11210810,"135㎡초과 123,000만원 / 20-40㎡ 45,500만원 / 20㎡이하 11,800만원 / 40-60㎡ 53,650만원 / 60-85㎡ 70,850만원 / 85-135㎡ 85,000만원"
관악구,난향동,11210710,"135㎡초과 123,000만원 / 20-40㎡ 45,500만원 / 20㎡이하 11,800만원 / 40-60㎡ 62,000만원 / 60-85㎡ 72,000만원 / 85-135㎡ 79,500만원"
관악구,남현동,11210630,"135㎡초과 123,000만원 / 20-40㎡ 42,175만원 / 20㎡이하 14,400만원 / 40-60㎡ 87,600만원 / 60-85㎡ 84,000만원 / 85-135㎡ 84,500만원"
관악구,대학동,11210730,"135㎡초과 123,000만원 / 20-40㎡ 45,500만원 / 20㎡이하 11,800만원 / 40-60㎡ 54,350만원 / 60-85㎡ 61,900만원 / 85-135㎡ 85,000만원"
관악구,미성동,11210830,"135㎡초과 123,000만원 / 20-40㎡ 45,500만원 / 20㎡이하 11,800만원 / 40-60㎡ 46,800만원 / 60-85㎡ 77,250만원 / 85-135㎡ 104,800만원"
관악구,보라매동,11210520,"135㎡초과 123,000만원 / 20-40㎡ 36,625만원 / 20㎡이하 15,000만원 / 40-60㎡ 100,600만원 / 60-85㎡ 105,500만원 / 85-135㎡ 117,900만원"
관악구,삼성동,11210820,"135㎡초과 123,000만원 / 20-40㎡ 45,500만원 / 20㎡이하 11,800만원 / 40-60㎡ 44,000만원 / 60-85㎡ 58,900만원 / 85-135㎡ 71,350만원"
관악구,서림동,11210660,"135㎡초과 123,000만원 / 20-40㎡ 45,250만원 / 20㎡이하 11,800만원 / 40-60㎡ 66,750만원 / 60-85㎡ 81,000만원 / 85-135㎡ 89,700만원"
관악구,서원동,11210640,"135㎡초과 123,000만원 / 20-40㎡ 45,500만원 / 20㎡이하 11,800만원 / 40-60㎡ 59,000만원 / 60-85㎡ 70,850만원 / 85-135㎡ 85,000만원"
관악구,성현동,11210790,"135㎡초과 123,000만원 / 20-40㎡ 36,625만원 / 20㎡이하 15,000만원 / 40-60㎡ 107,950만원 / 60-85㎡ 119,450만원 / 85-135㎡ 121,000만원"
관악구,신림동,11210690,"135㎡초과 123,000만원 / 20-40㎡ 45,500만원 / 20㎡이하 11,800만원 / 40-60㎡ 59,000만원 / 60-85㎡ 71,500만원 / 85-135㎡ 85,000만원"
관악구,신사동,11210680,"135㎡초과 123,000만원 / 20-40㎡ 45,500만원 / 20㎡이하 11,800만원 / 40-60㎡ 63,750만원 / 60-85㎡ 70,850만원 / 85-135㎡ 85,000만원"
관악구,신원동,11210650,"135㎡초과 123,000만원 / 20-40㎡ 45,500만원 / 20㎡이하 11,800만원 / 40-60㎡ 59,000만원 / 60-85㎡ 80,500만원 / 85-135㎡ 85,000만원"
관악구,은천동,11210780,"135㎡초과 123,000만원 / 20-40㎡ 36,625만원 / 20㎡이하 15,000만원 / 40-60㎡ 103,800만원 / 60-85㎡ 110,000만원 / 85-135㎡ 117,500만원"
관악구,인헌동,11210620,"135㎡초과 123,000만원 / 20-40㎡ 36,625만원 / 20㎡이하 15,000만원 / 40-60㎡ 63,500만원 / 60-85㎡ 82,500만원 / 85-135㎡ 117,900만원"
관악구,조원동,11210720,"135㎡초과 123,000만원 / 20-40㎡ 45,500만원 / 20㎡이하 11,800만원 / 40-60㎡ 136,400만원 / 60-85㎡ 84,000만원 / 85-135㎡ 85,000만원"
관악구,중앙동,11210610,"135㎡초과 123,000만원 / 20-40㎡ 37,600만원 / 20㎡이하 15,000만원 / 40-60㎡ 100,600만원 / 60-85㎡ 113,250만원 / 85-135㎡ 117,900만원"
관악구,청룡동,11210800,"135㎡초과 123,000만원 / 20-40㎡ 36,625만원 / 20㎡이하 15,000만원 / 40-60㎡ 107,900만원 / 60-85㎡ 142,400만원 / 85-135㎡ 143,500만원"
관악구,청림동,11210540,"135㎡초과 123,000만원 / 20-40㎡ 36,625만원 / 20㎡이하 15,000만원 / 40-60㎡ 107,000만원 / 60-85㎡ 114,000만원 / 85-135㎡ 118,000만원"
관악구,행운동,11210570,"135㎡초과 123,000만원 / 20-40㎡ 36,625만원 / 20㎡이하 15,000만원 / 40-60㎡ 95,000만원 / 60-85㎡ 106,200만원 / 85-135㎡ 114,250만원"
광진구,광장동,11050630,"135㎡초과 252,500만원 / 20㎡이하 16,500만원 / 40-60㎡ 170,000만원 / 60-85㎡ 205,000만원 / 85-135㎡ 200,000만원"
광진구,구의1동,11050600,"135㎡초과 252,500만원 / 20㎡이하 16,500만원 / 40-60㎡ 155,000만원 / 60-85㎡ 197,000만원 / 85-135㎡ 210,000만원"
광진구,구의2동,11050610,"135㎡초과 252,500만원 / 20㎡이하 16,500만원 / 40-60㎡ 80,000만원 / 60-85㎡ 131,000만원 / 85-135㎡ 210,000만원"
광진구,구의3동,11050620,"135㎡초과 252,500만원 / 20㎡이하 16,500만원 / 40-60㎡ 166,000만원 / 60-85㎡ 196,000만원 / 85-135㎡ 185,000만원"
광진구,군자동,11050540,"135㎡초과 252,500만원 / 20㎡이하 16,500만원 / 40-60㎡ 131,250만원 / 60-85㎡ 99,250만원 / 85-135㎡ 200,000만원"
광진구,능동,11050590,"135㎡초과 252,500만원 / 20㎡이하 16,500만원 / 40-60㎡ 131,250만원 / 60-85㎡ 169,500만원 / 85-135㎡ 200,000만원"
광진구,자양1동,11050640,"135㎡초과 287,000만원 / 20㎡이하 16,500만원 / 40-60㎡ 136,000만원 / 60-85㎡ 165,000만원 / 85-135㎡ 205,000만원"
광진구,자양2동,11050650,"135㎡초과 287,000만원 / 20㎡이하 16,500만원 / 40-60㎡ 127,500만원 / 60-85㎡ 152,500만원 / 85-135㎡ 205,000만원"
광진구,자양3동,11050660,"135㎡초과 285,000만원 / 20㎡이하 16,500만원 / 40-60㎡ 148,000만원 / 60-85㎡ 171,250만원 / 85-135㎡ 217,000만원"
광진구,자양4동,11050670,"135㎡초과 287,000만원 / 20㎡이하 16,500만원 / 40-60㎡ 129,000만원 / 60-85㎡ 164,000만원 / 85-135㎡ 205,000만원"
광진구,중곡1동,11050550,"135㎡초과 252,500만원 / 20㎡이하 16,500만원 / 40-60㎡ 54,700만원 / 60-85㎡ 67,800만원 / 85-135㎡ 200,000만원"
광진구,중곡2동,11050560,"135㎡초과 252,500만원 / 20㎡이하 16,500만원 / 40-60㎡ 54,700만원 / 60-85㎡ 67,800만원 / 85-135㎡ 200,000만원"
광진구,중곡3동,11050570,"135㎡초과 252,500만원 / 20㎡이하 16,500만원 / 40-60㎡ 54,350만원 / 60-85㎡ 67,800만원 / 85-135㎡ 200,000만원"
광진구,중곡4동,11050580,"135㎡초과 252,500만원 / 20㎡이하 16,500만원 / 40-60㎡ 54,700만원 / 60-85㎡ 67,800만원 / 85-135㎡ 200,000만원"
광진구,화양동,11050530,"135㎡초과 252,500만원 / 20㎡이하 15,000만원 / 40-60㎡ 69,750만원 / 60-85㎡ 169,500만원 / 85-135㎡ 200,000만원"
구로구,가리봉동,11170700,"135㎡초과 119,900만원 / 20-40㎡ 49,900만원 / 20㎡이하 23,100만원 / 40-60㎡ 63,000만원 / 60-85㎡ 76,000만원 / 85-135㎡ 92,500만원"
구로구,개봉1동,11170720,"135㎡초과 108,150만원 / 20-40㎡ 48,300만원 / 20㎡이하 24,550만원 / 40-60㎡ 80,000만원 / 60-85㎡ 88,750만원 / 85-135㎡ 97,350만원"
구로구,개봉2동,11170640,"135㎡초과 108,150만원 / 20-40㎡ 48,300만원 / 20㎡이하 24,550만원 / 40-60㎡ 71,500만원 / 60-85㎡ 87,000만원 / 85-135㎡ 90,000만원"
구로구,개봉3동,11170650,"135㎡초과 108,150만원 / 20-40㎡ 48,300만원 / 20㎡이하 24,550만원 / 40-60㎡ 59,800만원 / 60-85㎡ 62,800만원 / 85-135㎡ 90,000만원"
구로구,고척1동,11170610,"135㎡초과 119,900만원 / 20-40㎡ 49,900만원 / 20㎡이하 23,100만원 / 40-60㎡ 58,500만원 / 60-85㎡ 71,000만원 / 85-135㎡ 76,750만원"
구로구,고척2동,11170620,"135㎡초과 119,900만원 / 20-40㎡ 49,900만원 / 20㎡이하 23,100만원 / 40-60㎡ 60,000만원 / 60-85㎡ 69,500만원 / 85-135㎡ 73,500만원"
구로구,구로1동,11170520,"135㎡초과 100,000만원 / 20-40㎡ 53,000만원 / 20㎡이하 10,000만원 / 40-60㎡ 56,000만원 / 60-85㎡ 73,000만원 / 85-135㎡ 87,000만원"
구로구,구로2동,11170710,"135㎡초과 100,000만원 / 20-40㎡ 50,500만원 / 20㎡이하 10,000만원 / 40-60㎡ 58,000만원 / 60-85㎡ 74,000만원 / 85-135㎡ 87,000만원"
구로구,구로3동,11170540,"135㎡초과 100,000만원 / 20-40㎡ 52,000만원 / 20㎡이하 10,000만원 / 40-60㎡ 67,500만원 / 60-85㎡ 77,900만원 / 85-135㎡ 87,000만원"
구로구,구로4동,11170550,"135㎡초과 100,000만원 / 20-40㎡ 50,500만원 / 20㎡이하 10,000만원 / 40-60㎡ 54,650만원 / 60-85㎡ 68,450만원 / 85-135㎡ 87,000만원"
구로구,구로5동,11170560,"135㎡초과 100,000만원 / 20-40㎡ 16,250만원 / 20㎡이하 9,925만원 / 40-60㎡ 57,250만원 / 60-85㎡ 98,750만원 / 85-135㎡ 91,750만원"
구로구,수궁동,11170690,"135㎡초과 119,900만원 / 20-40㎡ 49,900만원 / 20㎡이하 23,100만원 / 40-60㎡ 70,700만원 / 60-85㎡ 78,750만원 / 85-135㎡ 91,500만원"
구로구,신도림동,11170510,"135㎡초과 158,000만원 / 20-40㎡ 65,750만원 / 20㎡이하 23,100만원 / 40-60㎡ 124,800만원 / 60-85㎡ 127,000만원 / 85-135㎡ 156,500만원"
구로구,오류1동,11170670,"135㎡초과 119,900만원 / 20-40㎡ 22,650만원 / 20㎡이하 7,500만원 / 40-60㎡ 47,650만원 / 60-85㎡ 57,300만원 / 85-135㎡ 62,000만원"
구로구,오류2동,11170730,"135㎡초과 119,900만원 / 20-40㎡ 49,900만원 / 20㎡이하 23,100만원 / 40-60㎡ 60,000만원 / 60-85㎡ 74,000만원 / 85-135㎡ 92,500만원"
구로구,항동,11170740,"135㎡초과 119,900만원 / 20-40㎡ 49,900만원 / 20㎡이하 23,100만원 / 40-60㎡ 68,000만원 / 60-85㎡ 78,500만원 / 85-135㎡ 92,500만원"
금천구,가산동,11180510,"20-40㎡ 35,900만원 / 20㎡이하 10,025만원 / 40-60㎡ 65,000만원 / 60-85㎡ 72,000만원 / 85-135㎡ 68,750만원"
금천구,독산1동,11180520,"20-40㎡ 36,700만원 / 20㎡이하 10,000만원 / 40-60㎡ 75,000만원 / 60-85㎡ 106,800만원 / 85-135㎡ 69,000만원"
금천구,독산2동,11180530,"20-40㎡ 36,350만원 / 20㎡이하 10,000만원 / 40-60㎡ 63,700만원 / 60-85㎡ 82,500만원 / 85-135㎡ 69,000만원"
금천구,독산3동,11180540,"20-40㎡ 36,350만원 / 20㎡이하 10,000만원 / 40-60㎡ 53,350만원 / 60-85㎡ 67,000만원 / 85-135㎡ 69,000만원"
금천구,독산4동,11180550,"20-40㎡ 36,350만원 / 20㎡이하 10,000만원 / 40-60㎡ 63,700만원 / 60-85㎡ 82,500만원 / 85-135㎡ 69,000만원"
금천구,시흥1동,11180570,"20-40㎡ 35,900만원 / 20㎡이하 10,000만원 / 40-60㎡ 47,500만원 / 60-85㎡ 90,500만원 / 85-135㎡ 104,750만원"
금천구,시흥2동,11180580,"20-40㎡ 35,900만원 / 20㎡이하 10,000만원 / 40-60㎡ 44,400만원 / 60-85㎡ 55,000만원 / 85-135㎡ 60,000만원"
금천구,시흥3동,11180590,"20-40㎡ 35,900만원 / 20㎡이하 10,000만원 / 40-60㎡ 45,100만원 / 60-85㎡ 57,000만원 / 85-135㎡ 68,000만원"
금천구,시흥4동,11180600,"20-40㎡ 35,900만원 / 20㎡이하 10,000만원 / 40-60㎡ 45,700만원 / 60-85㎡ 59,000만원 / 85-135㎡ 68,000만원"
금천구,시흥5동,11180610,"20-40㎡ 35,900만원 / 20㎡이하 10,000만원 / 40-60㎡ 31,250만원 / 60-85㎡ 45,100만원 / 85-135㎡ 68,000만원"
노원구,공릉1동,11110790,"135㎡초과 117,500만원 / 20-40㎡ 34,400만원 / 20㎡이하 12,900만원 / 40-60㎡ 54,000만원 / 60-85㎡ 73,500만원 / 85-135㎡ 90,500만원"
노원구,공릉2동,11110560,"135㎡초과 117,500만원 / 20-40㎡ 34,400만원 / 20㎡이하 12,900만원 / 40-60㎡ 59,995만원 / 60-85㎡ 78,000만원 / 85-135㎡ 88,500만원"
노원구,상계10동,11110740,"135㎡초과 117,500만원 / 20-40㎡ 30,250만원 / 20㎡이하 12,400만원 / 40-60㎡ 59,000만원 / 60-85㎡ 74,000만원 / 85-135㎡ 109,000만원"
노원구,상계1동,11110650,"135㎡초과 117,500만원 / 20-40㎡ 35,000만원 / 20㎡이하 12,400만원 / 40-60㎡ 48,000만원 / 60-85㎡ 63,000만원 / 85-135㎡ 83,500만원"
노원구,상계2동,11110660,"135㎡초과 117,500만원 / 20-40㎡ 35,900만원 / 20㎡이하 12,400만원 / 40-60㎡ 62,900만원 / 60-85㎡ 78,000만원 / 85-135㎡ 83,500만원"
노원구,상계3.4동,11110760,"135㎡초과 117,500만원 / 20-40㎡ 35,900만원 / 20㎡이하 12,400만원 / 40-60㎡ 50,875만원 / 60-85㎡ 69,800만원 / 85-135㎡ 72,250만원"
노원구,상계5동,11110690,"135㎡초과 117,500만원 / 20-40㎡ 35,900만원 / 20㎡이하 12,400만원 / 40-60㎡ 39,000만원 / 60-85㎡ 57,500만원 / 85-135㎡ 83,500만원"
노원구,상계6.7동,11110770,"135㎡초과 117,500만원 / 20-40㎡ 38,400만원 / 20㎡이하 12,400만원 / 40-60㎡ 62,700만원 / 60-85㎡ 82,500만원 / 85-135㎡ 79,000만원"
노원구,상계8동,11110720,"135㎡초과 117,500만원 / 20-40㎡ 35,900만원 / 20㎡이하 12,400만원 / 40-60㎡ 52,100만원 / 60-85㎡ 74,000만원 / 85-135㎡ 83,500만원"
노원구,상계9동,11110730,"135㎡초과 117,500만원 / 20-40㎡ 35,900만원 / 20㎡이하 12,400만원 / 40-60㎡ 47,000만원 / 60-85㎡ 67,000만원 / 85-135㎡ 83,500만원"
노원구,월계1동,11110510,"135㎡초과 117,500만원 / 20-40㎡ 35,550만원 / 20㎡이하 12,400만원 / 40-60㎡ 79,300만원 / 60-85㎡ 87,000만원 / 85-135㎡ 96,000만원"
노원구,월계2동,11110520,"135㎡초과 117,500만원 / 20-40㎡ 29,750만원 / 20㎡이하 12,400만원 / 40-60㎡ 41,250만원 / 60-85㎡ 75,800만원 / 85-135㎡ 73,250만원"
노원구,월계3동,11110530,"135㎡초과 117,500만원 / 20-40㎡ 37,900만원 / 20㎡이하 12,400만원 / 40-60㎡ 90,900만원 / 60-85㎡ 105,000만원 / 85-135㎡ 95,000만원"
노원구,중계1동,11110610,"135㎡초과 117,500만원 / 20-40㎡ 40,500만원 / 20㎡이하 12,400만원 / 40-60㎡ 61,250만원 / 60-85㎡ 114,000만원 / 85-135㎡ 127,500만원"
노원구,중계2.3동,11110780,"135㎡초과 117,500만원 / 20-40㎡ 47,000만원 / 20㎡이하 12,400만원 / 40-60㎡ 62,200만원 / 60-85㎡ 81,500만원 / 85-135㎡ 126,000만원"
노원구,중계4동,11110640,"135㎡초과 117,500만원 / 20-40㎡ 46,000만원 / 20㎡이하 12,400만원 / 40-60㎡ 37,700만원 / 60-85㎡ 70,750만원 / 85-135㎡ 126,000만원"
노원구,중계본동,11110600,"135㎡초과 117,500만원 / 20-40㎡ 46,000만원 / 20㎡이하 12,400만원 / 40-60㎡ 46,250만원 / 60-85㎡ 65,500만원 / 85-135㎡ 128,000만원"
노원구,하계1동,11110580,"135㎡초과 117,500만원 / 20-40㎡ 38,850만원 / 20㎡이하 12,400만원 / 40-60㎡ 57,800만원 / 60-85㎡ 86,500만원 / 85-135㎡ 95,500만원"
노원구,하계2동,11110590,"135㎡초과 117,500만원 / 20-40㎡ 54,850만원 / 20㎡이하 12,400만원 / 40-60㎡ 66,050만원 / 60-85㎡ 88,000만원 / 85-135㎡ 95,500만원"
도봉구,도봉1동,11100640,"20-40㎡ 31,000만원 / 20㎡이하 12,000만원 / 40-60㎡ 36,000만원 / 60-85㎡ 52,900만원 / 85-135㎡ 95,000만원"
도봉구,도봉2동,11100650,"20-40㎡ 31,000만원 / 20㎡이하 12,000만원 / 40-60㎡ 36,000만원 / 60-85㎡ 60,000만원 / 85-135㎡ 95,000만원"
도봉구,방학1동,11100550,"20-40㎡ 31,000만원 / 20㎡이하 12,000만원 / 40-60㎡ 51,700만원 / 60-85㎡ 74,300만원 / 85-135㎡ 96,400만원"
도봉구,방학2동,11100560,"20-40㎡ 31,000만원 / 20㎡이하 12,000만원 / 40-60㎡ 35,000만원 / 60-85㎡ 51,800만원 / 85-135㎡ 95,000만원"
도봉구,방학3동,11100570,"20-40㎡ 31,000만원 / 20㎡이하 12,000만원 / 40-60㎡ 34,500만원 / 60-85㎡ 49,400만원 / 85-135㎡ 95,000만원"
도봉구,쌍문1동,11100510,"20-40㎡ 24,000만원 / 20㎡이하 12,000만원 / 40-60㎡ 41,950만원 / 60-85㎡ 53,500만원 / 85-135㎡ 95,000만원"
도봉구,쌍문2동,11100520,"20-40㎡ 24,000만원 / 20㎡이하 12,000만원 / 40-60㎡ 34,300만원 / 60-85㎡ 52,750만원 / 85-135㎡ 95,000만원"
도봉구,쌍문3동,11100530,"20-40㎡ 24,000만원 / 20㎡이하 12,000만원 / 40-60㎡ 49,100만원 / 60-85㎡ 65,000만원 / 85-135㎡ 95,000만원"
도봉구,쌍문4동,11100540,"20-40㎡ 24,000만원 / 20㎡이하 12,000만원 / 40-60㎡ 37,000만원 / 60-85㎡ 52,000만원 / 85-135㎡ 95,000만원"
도봉구,창1동,11100590,"20-40㎡ 31,750만원 / 20㎡이하 12,000만원 / 40-60㎡ 59,500만원 / 60-85㎡ 85,000만원 / 85-135㎡ 100,950만원"
도봉구,창2동,11100600,"20-40㎡ 31,850만원 / 20㎡이하 12,000만원 / 40-60㎡ 58,850만원 / 60-85㎡ 71,500만원 / 85-135㎡ 100,950만원"
도봉구,창3동,11100610,"20-40㎡ 31,850만원 / 20㎡이하 12,000만원 / 40-60㎡ 39,000만원 / 60-85㎡ 58,500만원 / 85-135㎡ 100,950만원"
도봉구,창4동,11100620,"20-40㎡ 31,800만원 / 20㎡이하 12,000만원 / 40-60㎡ 68,000만원 / 60-85㎡ 91,000만원 / 85-135㎡ 98,000만원"
도봉구,창5동,11100630,"20-40㎡ 38,875만원 / 20㎡이하 12,000만원 / 40-60㎡ 54,500만원 / 60-85㎡ 89,000만원 / 85-135㎡ 104,500만원"
동대문구,답십리1동,11060910,"135㎡초과 120,000만원 / 20-40㎡ 37,900만원 / 20㎡이하 14,000만원 / 40-60㎡ 135,500만원 / 60-85㎡ 161,500만원 / 85-135㎡ 172,000만원"
동대문구,답십리2동,11060860,"135㎡초과 120,000만원 / 20-40㎡ 42,000만원 / 20㎡이하 13,900만원 / 40-60㎡ 93,500만원 / 60-85㎡ 92,750만원 / 85-135㎡ 108,000만원"
동대문구,신설동,11060810,"135㎡초과 120,000만원 / 20-40㎡ 39,500만원 / 20㎡이하 15,250만원 / 40-60㎡ 92,200만원 / 60-85㎡ 106,000만원 / 85-135㎡ 145,000만원"
동대문구,용두동,11060810,"135㎡초과 120,000만원 / 20-40㎡ 39,500만원 / 20㎡이하 15,250만원 / 40-60㎡ 130,000만원 / 60-85㎡ 150,500만원 / 85-135㎡ 135,500만원"
동대문구,이문1동,11060890,"135㎡초과 120,000만원 / 20-40㎡ 40,000만원 / 20㎡이하 15,250만원 / 40-60㎡ 92,500만원 / 60-85㎡ 88,000만원 / 85-135㎡ 95,000만원"
동대문구,이문2동,11060900,"135㎡초과 120,000만원 / 20-40㎡ 40,000만원 / 20㎡이하 15,250만원 / 40-60㎡ 95,500만원 / 60-85㎡ 97,800만원 / 85-135㎡ 110,000만원"
동대문구,장안1동,11060870,"135㎡초과 120,000만원 / 20-40㎡ 40,000만원 / 20㎡이하 10,300만원 / 40-60㎡ 72,250만원 / 60-85㎡ 81,000만원 / 85-135㎡ 115,000만원"
동대문구,장안2동,11060880,"135㎡초과 120,000만원 / 20-40㎡ 40,000만원 / 20㎡이하 10,300만원 / 40-60㎡ 90,800만원 / 60-85㎡ 110,000만원 / 85-135㎡ 94,750만원"
동대문구,전농1동,11060830,"135㎡초과 120,000만원 / 20-40㎡ 29,300만원 / 20㎡이하 15,250만원 / 40-60㎡ 145,500만원 / 60-85㎡ 177,451만원 / 85-135㎡ 185,000만원"
동대문구,전농2동,11060840,"135㎡초과 120,000만원 / 20-40㎡ 29,300만원 / 20㎡이하 15,250만원 / 40-60㎡ 79,000만원 / 60-85㎡ 118,000만원 / 85-135㎡ 110,000만원"
동대문구,제기동,11060820,"135㎡초과 120,000만원 / 20-40㎡ 40,000만원 / 20㎡이하 15,250만원 / 40-60㎡ 99,000만원 / 60-85㎡ 102,900만원 / 85-135㎡ 105,000만원"
동대문구,청량리동,11060800,"135㎡초과 120,000만원 / 20-40㎡ 40,000만원 / 20㎡이하 15,250만원 / 40-60㎡ 87,000만원 / 60-85㎡ 95,000만원 / 85-135㎡ 109,800만원"
동대문구,회기동,11060710,"135㎡초과 120,000만원 / 20-40㎡ 40,000만원 / 20㎡이하 15,250만원 / 40-60㎡ 95,600만원 / 60-85㎡ 90,800만원 / 85-135㎡ 109,500만원"
동대문구,휘경1동,11060720,"135㎡초과 120,000만원 / 20-40㎡ 55,000만원 / 20㎡이하 17,150만원 / 40-60㎡ 93,250만원 / 60-85㎡ 84,000만원 / 85-135㎡ 93,500만원"
동대문구,휘경2동,11060730,"135㎡초과 120,000만원 / 20-40㎡ 55,000만원 / 20㎡이하 17,150만원 / 40-60㎡ 80,000만원 / 60-85㎡ 90,000만원 / 85-135㎡ 92,500만원"
동작구,노량진1동,11200720,"135㎡초과 157,000만원 / 20-40㎡ 73,000만원 / 20㎡이하 34,250만원 / 40-60㎡ 143,000만원 / 60-85㎡ 154,150만원 / 85-135㎡ 165,000만원"
동작구,노량진2동,11200520,"135㎡초과 157,000만원 / 20-40㎡ 73,000만원 / 20㎡이하 34,425만원 / 40-60㎡ 145,000만원 / 60-85㎡ 158,000만원 / 85-135㎡ 165,000만원"
동작구,대방동,11200680,"135㎡초과 157,000만원 / 20-40㎡ 73,000만원 / 20㎡이하 34,050만원 / 40-60㎡ 134,900만원 / 60-85㎡ 144,000만원 / 85-135㎡ 162,000만원"
동작구,사당1동,11200630,"135㎡초과 157,000만원 / 20-40㎡ 73,000만원 / 20㎡이하 41,100만원 / 40-60㎡ 135,000만원 / 60-85㎡ 149,000만원 / 85-135㎡ 169,000만원"
동작구,사당2동,11200730,"135㎡초과 157,000만원 / 20-40㎡ 73,000만원 / 20㎡이하 41,100만원 / 40-60㎡ 150,000만원 / 60-85㎡ 160,905만원 / 85-135㎡ 170,000만원"
동작구,사당3동,11200650,"135㎡초과 157,000만원 / 20-40㎡ 73,000만원 / 20㎡이하 41,100만원 / 40-60㎡ 104,700만원 / 60-85㎡ 158,500만원 / 85-135㎡ 159,000만원"
동작구,사당4동,11200660,"135㎡초과 157,000만원 / 20-40㎡ 73,000만원 / 20㎡이하 41,100만원 / 40-60㎡ 135,000만원 / 60-85㎡ 116,400만원 / 85-135㎡ 169,000만원"
동작구,사당5동,11200670,"135㎡초과 157,000만원 / 20-40㎡ 73,000만원 / 20㎡이하 41,100만원 / 40-60㎡ 122,000만원 / 60-85㎡ 123,250만원 / 85-135㎡ 169,000만원"
동작구,상도1동,11200530,"135㎡초과 157,000만원 / 20-40㎡ 74,000만원 / 20㎡이하 14,100만원 / 40-60㎡ 113,000만원 / 60-85㎡ 152,500만원 / 85-135㎡ 156,000만원"
동작구,상도2동,11200540,"135㎡초과 157,000만원 / 20-40㎡ 74,000만원 / 20㎡이하 14,100만원 / 40-60㎡ 167,500만원 / 60-85㎡ 183,000만원 / 85-135㎡ 168,000만원"
동작구,상도3동,11200550,"135㎡초과 157,000만원 / 20-40㎡ 74,000만원 / 20㎡이하 14,100만원 / 40-60㎡ 138,750만원 / 60-85㎡ 84,000만원 / 85-135㎡ 149,500만원"
동작구,상도4동,11200560,"135㎡초과 157,000만원 / 20-40㎡ 74,000만원 / 20㎡이하 14,100만원 / 40-60㎡ 138,750만원 / 60-85㎡ 86,500만원 / 85-135㎡ 149,500만원"
동작구,신대방1동,11200690,"135㎡초과 135,000만원 / 20-40㎡ 73,000만원 / 20㎡이하 34,050만원 / 40-60㎡ 110,000만원 / 60-85㎡ 121,500만원 / 85-135㎡ 135,000만원"
동작구,신대방2동,11200700,"135㎡초과 141,000만원 / 20-40㎡ 73,000만원 / 20㎡이하 34,050만원 / 40-60㎡ 110,500만원 / 60-85㎡ 132,000만원 / 85-135㎡ 146,000만원"
동작구,흑석동,11200710,"135㎡초과 157,000만원 / 20-40㎡ 73,000만원 / 20㎡이하 34,050만원 / 40-60㎡ 200,000만원 / 60-85㎡ 228,000만원 / 85-135㎡ 273,500만원"
마포구,공덕동,11140770,"135㎡초과 250,000만원 / 20-40㎡ 41,000만원 / 20㎡이하 16,000만원 / 40-60㎡ 170,000만원 / 60-85㎡ 197,500만원 / 85-135㎡ 242,000만원"
마포구,대흥동,11140600,"135㎡초과 250,000만원 / 20-40㎡ 27,000만원 / 20㎡이하 16,000만원 / 40-60㎡ 208,000만원 / 60-85㎡ 214,000만원 / 85-135㎡ 169,000만원"
마포구,도화동,11140750,"135㎡초과 250,000만원 / 20-40㎡ 57,000만원 / 20㎡이하 16,000만원 / 40-60㎡ 145,000만원 / 60-85㎡ 165,500만원 / 85-135㎡ 182,250만원"
마포구,망원1동,11140690,"135㎡초과 250,000만원 / 20-40㎡ 41,000만원 / 20㎡이하 16,000만원 / 40-60㎡ 119,250만원 / 60-85㎡ 107,000만원 / 85-135㎡ 169,000만원"
마포구,망원2동,11140700,"135㎡초과 250,000만원 / 20-40㎡ 41,000만원 / 20㎡이하 16,000만원 / 40-60㎡ 71,500만원 / 60-85㎡ 87,500만원 / 85-135㎡ 169,000만원"
마포구,상암동,11140740,"135㎡초과 250,000만원 / 20-40㎡ 41,000만원 / 20㎡이하 16,000만원 / 40-60㎡ 120,000만원 / 60-85㎡ 129,500만원 / 85-135㎡ 147,500만원"
마포구,서강동,11140760,"135㎡초과 250,000만원 / 20-40㎡ 41,000만원 / 20㎡이하 16,000만원 / 40-60㎡ 139,500만원 / 60-85㎡ 180,000만원 / 85-135㎡ 169,000만원"
마포구,서교동,11140660,"135㎡초과 269,000만원 / 20-40㎡ 41,000만원 / 20㎡이하 16,000만원 / 40-60㎡ 144,000만원 / 60-85㎡ 147,000만원 / 85-135㎡ 120,000만원"
마포구,성산1동,11140720,"135㎡초과 250,000만원 / 20-40㎡ 41,000만원 / 20㎡이하 16,000만원 / 40-60㎡ 108,500만원 / 60-85㎡ 114,000만원 / 85-135㎡ 169,000만원"
마포구,성산2동,11140730,"135㎡초과 250,000만원 / 20-40㎡ 41,000만원 / 20㎡이하 16,000만원 / 40-60㎡ 104,750만원 / 60-85㎡ 114,750만원 / 85-135㎡ 105,000만원"
마포구,신수동,11140630,"135㎡초과 250,000만원 / 20-40㎡ 41,000만원 / 20㎡이하 16,000만원 / 40-60㎡ 150,000만원 / 60-85㎡ 179,000만원 / 85-135㎡ 169,000만원"
마포구,아현동,11140780,"135㎡초과 250,000만원 / 20-40㎡ 73,500만원 / 20㎡이하 16,000만원 / 40-60㎡ 200,000만원 / 60-85㎡ 237,000만원 / 85-135㎡ 169,000만원"
마포구,연남동,11140710,"135㎡초과 250,000만원 / 20-40㎡ 41,000만원 / 20㎡이하 16,000만원 / 40-60㎡ 90,500만원 / 60-85㎡ 113,000만원 / 85-135㎡ 169,000만원"
마포구,염리동,11140610,"135㎡초과 250,000만원 / 20-40㎡ 41,000만원 / 20㎡이하 16,000만원 / 40-60㎡ 157,350만원 / 60-85㎡ 246,000만원 / 85-135㎡ 169,000만원"
마포구,용강동,11140590,"135㎡초과 250,000만원 / 20-40㎡ 57,000만원 / 20㎡이하 16,000만원 / 40-60㎡ 164,000만원 / 60-85㎡ 199,700만원 / 85-135㎡ 225,000만원"
마포구,합정동,11140680,"135㎡초과 250,000만원 / 20-40㎡ 41,000만원 / 20㎡이하 16,000만원 / 40-60㎡ 144,000만원 / 60-85㎡ 128,000만원 / 85-135㎡ 169,000만원"
서대문구,남가좌1동,11130690,"135㎡초과 112,500만원 / 20-40㎡ 47,500만원 / 40-60㎡ 128,250만원 / 60-85㎡ 154,000만원 / 85-135㎡ 182,000만원"
서대문구,남가좌2동,11130700,"135㎡초과 112,500만원 / 20-40㎡ 47,500만원 / 40-60㎡ 103,000만원 / 60-85㎡ 135,000만원 / 85-135㎡ 127,250만원"
서대문구,북가좌1동,11130710,"135㎡초과 112,500만원 / 20-40㎡ 47,500만원 / 40-60㎡ 83,000만원 / 60-85㎡ 97,000만원 / 85-135㎡ 129,500만원"
서대문구,북가좌2동,11130720,"135㎡초과 112,500만원 / 20-40㎡ 47,500만원 / 40-60㎡ 83,000만원 / 60-85㎡ 89,500만원 / 85-135㎡ 98,000만원"
서대문구,북아현동,11130740,"135㎡초과 112,500만원 / 20-40㎡ 47,500만원 / 40-60㎡ 138,000만원 / 60-85㎡ 206,000만원 / 85-135㎡ 119,000만원"
서대문구,신촌동,11130750,"135㎡초과 112,500만원 / 20-40㎡ 47,500만원 / 40-60㎡ 124,500만원 / 60-85㎡ 138,000만원 / 85-135㎡ 119,000만원"
서대문구,연희동,11130760,"135㎡초과 112,500만원 / 20-40㎡ 47,500만원 / 40-60㎡ 75,250만원 / 60-85㎡ 94,000만원 / 85-135㎡ 109,500만원"
서대문구,천연동,11130520,"135㎡초과 112,500만원 / 20-40㎡ 47,500만원 / 40-60㎡ 105,000만원 / 60-85㎡ 134,500만원 / 85-135㎡ 143,000만원"
서대문구,충현동,11130730,"135㎡초과 112,500만원 / 20-40㎡ 47,500만원 / 40-60㎡ 145,500만원 / 60-85㎡ 115,000만원 / 85-135㎡ 119,000만원"
서대문구,홍은1동,11130660,"135㎡초과 90,000만원 / 20-40㎡ 47,500만원 / 40-60㎡ 68,000만원 / 60-85㎡ 73,875만원 / 85-135㎡ 88,000만원"
서대문구,홍은2동,11130680,"135㎡초과 90,000만원 / 20-40㎡ 47,500만원 / 40-60㎡ 86,500만원 / 60-85㎡ 70,000만원 / 85-135㎡ 66,500만원"
서대문구,홍제1동,11130620,"135㎡초과 112,500만원 / 20-40㎡ 47,500만원 / 40-60㎡ 92,500만원 / 60-85㎡ 95,500만원 / 85-135㎡ 110,000만원"
서대문구,홍제2동,11130650,"135㎡초과 112,500만원 / 20-40㎡ 47,500만원 / 40-60㎡ 95,000만원 / 60-85㎡ 109,800만원 / 85-135㎡ 119,500만원"
서대문구,홍제3동,11130640,"135㎡초과 112,500만원 / 20-40㎡ 47,500만원 / 40-60㎡ 70,000만원 / 60-85㎡ 75,500만원 / 85-135㎡ 75,500만원"
서초구,내곡동,11220680,"135㎡초과 300,000만원 / 20-40㎡ 44,350만원 / 40-60㎡ 190,000만원 / 60-85㎡ 266,100만원 / 85-135㎡ 198,000만원"
서초구,반포1동,11220570,"135㎡초과 674,000만원 / 20-40㎡ 44,350만원 / 40-60㎡ 342,000만원 / 60-85㎡ 440,000만원 / 85-135㎡ 454,500만원"
서초구,반포2동,11220580,"135㎡초과 807,500만원 / 20-40㎡ 44,350만원 / 40-60㎡ 420,000만원 / 60-85㎡ 555,000만원 / 85-135㎡ 799,500만원"
서초구,반포3동,11220590,"135㎡초과 660,000만원 / 20-40㎡ 66,850만원 / 40-60㎡ 291,000만원 / 60-85㎡ 410,000만원 / 85-135㎡ 500,000만원"
서초구,반포4동,11220600,"135㎡초과 234,000만원 / 20-40㎡ 44,350만원 / 40-60㎡ 190,000만원 / 60-85㎡ 280,000만원 / 85-135㎡ 180,000만원"
서초구,반포본동,11220560,"135㎡초과 711,500만원 / 20-40㎡ 44,350만원 / 40-60㎡ 348,500만원 / 60-85㎡ 465,000만원 / 85-135㎡ 447,000만원"
서초구,방배1동,11220620,"135㎡초과 305,000만원 / 20-40㎡ 30,500만원 / 40-60㎡ 174,250만원 / 60-85㎡ 211,000만원 / 85-135㎡ 248,500만원"
서초구,방배2동,11220630,"135㎡초과 281,000만원 / 20-40㎡ 30,500만원 / 40-60㎡ 174,250만원 / 60-85㎡ 202,500만원 / 85-135㎡ 256,500만원"
서초구,방배3동,11220640,"135㎡초과 270,000만원 / 20-40㎡ 30,500만원 / 40-60㎡ 220,000만원 / 60-85㎡ 241,500만원 / 85-135㎡ 234,750만원"
서초구,방배4동,11220650,"135㎡초과 265,000만원 / 20-40㎡ 30,000만원 / 40-60㎡ 215,500만원 / 60-85㎡ 151,250만원 / 85-135㎡ 189,000만원"
서초구,방배본동,11220610,"135㎡초과 296,000만원 / 20-40㎡ 30,500만원 / 40-60㎡ 174,250만원 / 60-85㎡ 199,750만원 / 85-135㎡ 257,000만원"
서초구,서초1동,11220510,"135㎡초과 270,000만원 / 20-40㎡ 43,700만원 / 40-60㎡ 56,000만원 / 60-85㎡ 170,000만원 / 85-135㎡ 196,000만원"
서초구,서초2동,11220520,"135㎡초과 245,000만원 / 20-40㎡ 30,100만원 / 40-60㎡ 300,500만원 / 60-85㎡ 315,000만원 / 85-135㎡ 340,000만원"
서초구,서초3동,11220530,"135㎡초과 266,500만원 / 20-40㎡ 33,500만원 / 40-60㎡ 70,000만원 / 60-85㎡ 203,000만원 / 85-135㎡ 220,000만원"
서초구,서초4동,11220540,"135㎡초과 335,000만원 / 20-40㎡ 33,500만원 / 40-60㎡ 160,000만원 / 60-85㎡ 294,000만원 / 85-135㎡ 345,000만원"
서초구,양재1동,11220660,"135㎡초과 300,000만원 / 20-40㎡ 45,000만원 / 40-60㎡ 156,000만원 / 60-85㎡ 192,500만원 / 85-135㎡ 212,000만원"
서초구,양재2동,11220670,"135㎡초과 300,000만원 / 20-40㎡ 45,000만원 / 40-60㎡ 190,000만원 / 60-85㎡ 197,000만원 / 85-135㎡ 265,250만원"
서초구,잠원동,11220550,"135㎡초과 660,000만원 / 20-40㎡ 63,500만원 / 40-60㎡ 279,000만원 / 60-85㎡ 340,000만원 / 85-135㎡ 444,500만원"
성동구,금호1가동,11040590,"135㎡초과 260,000만원 / 40-60㎡ 166,000만원 / 60-85㎡ 180,000만원 / 85-135㎡ 186,500만원"
성동구,금호2.3가동,11040720,"135㎡초과 260,000만원 / 40-60㎡ 174,000만원 / 60-85㎡ 187,000만원 / 85-135㎡ 195,500만원"
성동구,금호4가동,11040620,"135㎡초과 260,000만원 / 40-60㎡ 173,500만원 / 60-85㎡ 193,800만원 / 85-135㎡ 195,500만원"
성동구,마장동,11040540,"135㎡초과 260,000만원 / 40-60㎡ 125,000만원 / 60-85㎡ 141,000만원 / 85-135㎡ 195,500만원"
성동구,사근동,11040550,"135㎡초과 260,000만원 / 40-60㎡ 163,500만원 / 60-85㎡ 86,000만원 / 85-135㎡ 195,500만원"
성동구,성수1가1동,11040650,"135㎡초과 260,000만원 / 40-60㎡ 201,000만원 / 60-85㎡ 237,000만원 / 85-135㎡ 195,500만원"
성동구,성수1가2동,11040660,"135㎡초과 260,000만원 / 40-60㎡ 149,750만원 / 60-85㎡ 167,500만원 / 85-135㎡ 195,500만원"
성동구,성수2가1동,11040670,"135㎡초과 260,000만원 / 40-60㎡ 120,000만원 / 60-85㎡ 168,750만원 / 85-135㎡ 205,000만원"
성동구,성수2가3동,11040680,"135㎡초과 260,000만원 / 40-60㎡ 120,000만원 / 60-85㎡ 141,750만원 / 85-135㎡ 212,000만원"
성동구,송정동,11040690,"135㎡초과 260,000만원 / 40-60㎡ 163,500만원 / 60-85㎡ 122,000만원 / 85-135㎡ 195,500만원"
성동구,옥수동,11040730,"135㎡초과 325,000만원 / 40-60㎡ 213,000만원 / 60-85㎡ 230,000만원 / 85-135㎡ 235,000만원"
성동구,왕십리2동,11040520,"135㎡초과 260,000만원 / 40-60㎡ 148,000만원 / 60-85㎡ 139,000만원 / 85-135㎡ 148,000만원"
성동구,왕십리도선동,11040710,"135㎡초과 260,000만원 / 40-60㎡ 190,750만원 / 60-85㎡ 209,000만원 / 85-135㎡ 167,500만원"
성동구,용답동,11040700,"135㎡초과 260,000만원 / 40-60㎡ 163,500만원 / 60-85㎡ 179,000만원 / 85-135㎡ 195,500만원"
성동구,응봉동,11040580,"135㎡초과 260,000만원 / 40-60㎡ 152,000만원 / 60-85㎡ 167,500만원 / 85-135㎡ 195,500만원"
성동구,행당1동,11040560,"135㎡초과 260,000만원 / 40-60㎡ 165,500만원 / 60-85㎡ 205,000만원 / 85-135㎡ 207,000만원"
성동구,행당2동,11040570,"135㎡초과 260,000만원 / 40-60㎡ 160,050만원 / 60-85㎡ 181,000만원 / 85-135㎡ 194,000만원"
성북구,길음1동,11080660,"135㎡초과 110,000만원 / 20-40㎡ 42,750만원 / 20㎡이하 11,700만원 / 40-60㎡ 110,650만원 / 60-85㎡ 122,750만원 / 85-135㎡ 134,000만원"
성북구,길음2동,11080680,"135㎡초과 110,000만원 / 20-40㎡ 42,750만원 / 20㎡이하 11,700만원 / 40-60㎡ 144,000만원 / 60-85㎡ 105,500만원 / 85-135㎡ 120,000만원"
성북구,돈암1동,11080580,"135㎡초과 104,000만원 / 20-40㎡ 42,750만원 / 20㎡이하 11,700만원 / 40-60㎡ 74,000만원 / 60-85㎡ 90,500만원 / 85-135㎡ 96,000만원"
성북구,돈암2동,11080590,"135㎡초과 104,000만원 / 20-40㎡ 42,750만원 / 20㎡이하 11,700만원 / 40-60㎡ 82,000만원 / 60-85㎡ 90,000만원 / 85-135㎡ 98,500만원"
성북구,동선동,11080830,"135㎡초과 110,000만원 / 20-40㎡ 42,750만원 / 20㎡이하 11,700만원 / 40-60㎡ 89,100만원 / 60-85㎡ 88,000만원 / 85-135㎡ 106,400만원"
성북구,보문동,11080610,"135㎡초과 110,000만원 / 20-40㎡ 42,750만원 / 20㎡이하 11,700만원 / 40-60㎡ 125,500만원 / 60-85㎡ 115,000만원 / 85-135㎡ 106,400만원"
성북구,삼선동,11080820,"135㎡초과 110,000만원 / 20-40㎡ 42,750만원 / 20㎡이하 11,700만원 / 40-60㎡ 92,000만원 / 60-85㎡ 99,000만원 / 85-135㎡ 109,650만원"
성북구,석관동,11080850,"135㎡초과 110,000만원 / 20-40㎡ 42,750만원 / 20㎡이하 11,700만원 / 40-60㎡ 88,500만원 / 60-85㎡ 95,700만원 / 85-135㎡ 101,000만원"
성북구,성북동,11080810,"135㎡초과 110,000만원 / 20-40㎡ 42,750만원 / 20㎡이하 11,700만원 / 40-60㎡ 87,000만원 / 60-85㎡ 95,000만원 / 85-135㎡ 106,400만원"
성북구,안암동,11080600,"135㎡초과 110,000만원 / 20-40㎡ 42,750만원 / 20㎡이하 11,700만원 / 40-60㎡ 81,000만원 / 60-85㎡ 97,500만원 / 85-135㎡ 106,400만원"
성북구,월곡1동,11080710,"135㎡초과 110,000만원 / 20-40㎡ 42,750만원 / 20㎡이하 11,700만원 / 40-60㎡ 90,000만원 / 60-85㎡ 98,500만원 / 85-135㎡ 108,250만원"
성북구,월곡2동,11080720,"135㎡초과 110,000만원 / 20-40㎡ 42,750만원 / 20㎡이하 11,700만원 / 40-60㎡ 83,000만원 / 60-85㎡ 79,700만원 / 85-135㎡ 88,250만원"
성북구,장위1동,11080760,"135㎡초과 110,000만원 / 20-40㎡ 43,000만원 / 20㎡이하 11,000만원 / 40-60㎡ 125,000만원 / 60-85㎡ 145,000만원 / 85-135㎡ 132,500만원"
성북구,장위2동,11080770,"135㎡초과 110,000만원 / 20-40㎡ 43,000만원 / 20㎡이하 11,000만원 / 40-60㎡ 118,500만원 / 60-85㎡ 124,250만원 / 85-135㎡ 132,500만원"
성북구,장위3동,11080780,"135㎡초과 110,000만원 / 20-40㎡ 43,000만원 / 20㎡이하 11,000만원 / 40-60㎡ 108,000만원 / 60-85㎡ 122,000만원 / 85-135㎡ 139,000만원"
성북구,정릉1동,11080620,"135㎡초과 110,000만원 / 20-40㎡ 42,750만원 / 20㎡이하 11,700만원 / 40-60㎡ 63,000만원 / 60-85㎡ 81,500만원 / 85-135㎡ 92,250만원"
성북구,정릉2동,11080630,"135㎡초과 110,000만원 / 20-40㎡ 42,750만원 / 20㎡이하 11,700만원 / 40-60㎡ 63,750만원 / 60-85㎡ 73,000만원 / 85-135㎡ 80,000만원"
성북구,정릉3동,11080640,"135㎡초과 110,000만원 / 20-40㎡ 42,750만원 / 20㎡이하 11,700만원 / 40-60㎡ 60,000만원 / 60-85㎡ 73,300만원 / 85-135㎡ 80,000만원"
성북구,정릉4동,11080650,"135㎡초과 110,000만원 / 20-40㎡ 42,750만원 / 20㎡이하 11,700만원 / 40-60㎡ 57,600만원 / 60-85㎡ 68,250만원 / 85-135㎡ 72,750만원"
성북구,종암동,11080840,"135㎡초과 110,000만원 / 20-40㎡ 42,750만원 / 20㎡이하 11,700만원 / 40-60㎡ 93,000만원 / 60-85㎡ 104,500만원 / 85-135㎡ 109,300만원"
송파구,가락1동,11240660,"135㎡초과 161,500만원 / 20-40㎡ 62,500만원 / 40-60㎡ 244,500만원 / 60-85㎡ 281,750만원 / 85-135㎡ 316,500만원"
송파구,가락2동,11240670,"135㎡초과 161,500만원 / 20-40㎡ 62,500만원 / 40-60㎡ 180,750만원 / 60-85㎡ 194,250만원 / 85-135㎡ 172,500만원"
송파구,가락본동,11240650,"135㎡초과 163,000만원 / 20-40㎡ 62,500만원 / 40-60㎡ 166,000만원 / 60-85㎡ 157,500만원 / 85-135㎡ 165,000만원"
송파구,거여1동,11240530,"135㎡초과 305,000만원 / 20-40㎡ 89,700만원 / 40-60㎡ 123,000만원 / 60-85㎡ 124,150만원 / 85-135㎡ 203,000만원"
송파구,거여2동,11240540,"135㎡초과 305,000만원 / 20-40㎡ 89,700만원 / 40-60㎡ 124,250만원 / 60-85㎡ 177,000만원 / 85-135㎡ 152,500만원"
송파구,마천1동,11240550,"135㎡초과 305,000만원 / 20-40㎡ 93,000만원 / 40-60㎡ 70,000만원 / 60-85㎡ 135,300만원 / 85-135㎡ 131,250만원"
송파구,마천2동,11240560,"135㎡초과 305,000만원 / 20-40㎡ 93,000만원 / 40-60㎡ 70,250만원 / 60-85㎡ 94,500만원 / 85-135㎡ 131,250만원"
송파구,문정1동,11240680,"135㎡초과 296,000만원 / 20-40㎡ 93,000만원 / 40-60㎡ 97,500만원 / 60-85㎡ 122,500만원 / 85-135㎡ 219,000만원"
송파구,문정2동,11240690,"135㎡초과 305,000만원 / 20-40㎡ 93,000만원 / 40-60㎡ 115,500만원 / 60-85㎡ 245,000만원 / 85-135㎡ 278,000만원"
송파구,방이1동,11240570,"135㎡초과 287,500만원 / 20-40㎡ 37,000만원 / 40-60㎡ 65,000만원 / 60-85㎡ 204,000만원 / 85-135㎡ 251,500만원"
송파구,방이2동,11240580,"135㎡초과 287,500만원 / 20-40㎡ 38,000만원 / 40-60㎡ 65,000만원 / 60-85㎡ 127,000만원 / 85-135㎡ 300,000만원"
송파구,삼전동,11240640,"135㎡초과 305,000만원 / 20-40㎡ 93,000만원 / 40-60㎡ 144,000만원 / 60-85㎡ 213,250만원 / 85-135㎡ 241,500만원"
송파구,석촌동,11240630,"135㎡초과 305,000만원 / 20-40㎡ 93,000만원 / 40-60㎡ 144,000만원 / 60-85㎡ 106,000만원 / 85-135㎡ 241,500만원"
송파구,송파1동,11240610,"135㎡초과 305,000만원 / 20-40㎡ 93,000만원 / 40-60㎡ 102,250만원 / 60-85㎡ 167,500만원 / 85-135㎡ 241,500만원"
송파구,송파2동,11240620,"135㎡초과 305,000만원 / 20-40㎡ 93,000만원 / 40-60㎡ 151,000만원 / 60-85㎡ 210,000만원 / 85-135㎡ 243,000만원"
송파구,오금동,11240600,"135㎡초과 305,000만원 / 20-40㎡ 93,000만원 / 40-60㎡ 134,000만원 / 60-85㎡ 145,000만원 / 85-135㎡ 181,625만원"
송파구,오륜동,11240590,"135㎡초과 287,500만원 / 20-40㎡ 37,000만원 / 40-60㎡ 65,000만원 / 60-85㎡ 283,500만원 / 85-135㎡ 326,250만원"
송파구,위례동,11240820,"135㎡초과 305,000만원 / 20-40㎡ 93,000만원 / 40-60㎡ 155,500만원 / 60-85㎡ 208,500만원 / 85-135㎡ 219,000만원"
송파구,잠실2동,11240790,"135㎡초과 400,000만원 / 20-40㎡ 154,000만원 / 40-60㎡ 285,000만원 / 60-85㎡ 335,000만원 / 85-135㎡ 405,000만원"
송파구,잠실3동,11240800,"135㎡초과 379,500만원 / 20-40㎡ 154,000만원 / 40-60㎡ 271,250만원 / 60-85㎡ 327,000만원 / 85-135㎡ 344,000만원"
송파구,잠실4동,11240750,"135㎡초과 325,000만원 / 20-40㎡ 139,900만원 / 40-60㎡ 266,000만원 / 60-85㎡ 290,000만원 / 85-135㎡ 358,000만원"
송파구,잠실6동,11240770,"135㎡초과 307,000만원 / 20-40㎡ 139,900만원 / 40-60㎡ 143,000만원 / 60-85㎡ 304,000만원 / 85-135㎡ 371,500만원"
송파구,잠실7동,11240780,"135㎡초과 560,000만원 / 20-40㎡ 154,000만원 / 40-60㎡ 282,000만원 / 60-85㎡ 330,000만원 / 85-135㎡ 375,000만원"
송파구,잠실본동,11240710,"135㎡초과 400,000만원 / 20-40㎡ 154,000만원 / 40-60㎡ 282,000만원 / 60-85㎡ 180,500만원 / 85-135㎡ 365,500만원"
송파구,장지동,11240810,"135㎡초과 296,000만원 / 20-40㎡ 93,000만원 / 40-60㎡ 164,000만원 / 60-85㎡ 174,500만원 / 85-135㎡ 226,000만원"
송파구,풍납1동,11240510,"135㎡초과 305,000만원 / 20-40㎡ 93,000만원 / 40-60㎡ 117,250만원 / 60-85㎡ 144,500만원 / 85-135㎡ 170,000만원"
송파구,풍납2동,11240520,"135㎡초과 305,000만원 / 20-40㎡ 93,000만원 / 40-60㎡ 95,000만원 / 60-85㎡ 157,750만원 / 85-135㎡ 168,500만원"
양천구,목1동,11150510,"135㎡초과 226,500만원 / 40-60㎡ 220,000만원 / 60-85㎡ 238,750만원 / 85-135㎡ 310,000만원"
양천구,목2동,11150520,"135㎡초과 226,500만원 / 40-60㎡ 62,000만원 / 60-85㎡ 83,500만원 / 85-135㎡ 119,900만원"
양천구,목3동,11150530,"135㎡초과 226,500만원 / 40-60㎡ 120,000만원 / 60-85㎡ 133,000만원 / 85-135㎡ 149,750만원"
양천구,목4동,11150540,"135㎡초과 226,500만원 / 40-60㎡ 165,000만원 / 60-85㎡ 109,500만원 / 85-135㎡ 148,000만원"
양천구,목5동,11150710,"135㎡초과 205,000만원 / 40-60㎡ 199,500만원 / 60-85㎡ 226,500만원 / 85-135㎡ 282,000만원"
양천구,신월1동,11150570,"135㎡초과 225,000만원 / 40-60㎡ 39,000만원 / 60-85㎡ 46,000만원 / 85-135㎡ 78,000만원"
양천구,신월2동,11150580,"135㎡초과 225,000만원 / 40-60㎡ 89,950만원 / 60-85㎡ 74,000만원 / 85-135㎡ 80,500만원"
양천구,신월3동,11150590,"135㎡초과 225,000만원 / 40-60㎡ 71,250만원 / 60-85㎡ 48,000만원 / 85-135㎡ 78,000만원"
양천구,신월4동,11150600,"135㎡초과 225,000만원 / 40-60㎡ 53,000만원 / 60-85㎡ 63,000만원 / 85-135㎡ 78,000만원"
양천구,신월5동,11150610,"135㎡초과 225,000만원 / 40-60㎡ 71,250만원 / 60-85㎡ 64,500만원 / 85-135㎡ 78,000만원"
양천구,신월6동,11150620,"135㎡초과 225,000만원 / 40-60㎡ 102,750만원 / 60-85㎡ 128,000만원 / 85-135㎡ 78,000만원"
양천구,신월7동,11150630,"135㎡초과 225,000만원 / 40-60㎡ 68,000만원 / 60-85㎡ 71,500만원 / 85-135㎡ 78,000만원"
양천구,신정1동,11150640,"135㎡초과 224,000만원 / 40-60㎡ 183,000만원 / 60-85㎡ 207,500만원 / 85-135㎡ 285,000만원"
양천구,신정2동,11150650,"135㎡초과 224,000만원 / 40-60㎡ 74,500만원 / 60-85㎡ 149,250만원 / 85-135㎡ 171,000만원"
양천구,신정3동,11150660,"135㎡초과 224,000만원 / 40-60㎡ 70,000만원 / 60-85㎡ 94,150만원 / 85-135㎡ 109,500만원"
양천구,신정4동,11150720,"135㎡초과 224,000만원 / 40-60㎡ 74,500만원 / 60-85㎡ 70,200만원 / 85-135㎡ 147,500만원"
양천구,신정6동,11150690,"135㎡초과 224,000만원 / 40-60㎡ 190,000만원 / 60-85㎡ 220,000만원 / 85-135㎡ 259,000만원"
양천구,신정7동,11150700,"135㎡초과 224,000만원 / 40-60㎡ 129,750만원 / 60-85㎡ 130,000만원 / 85-135㎡ 135,800만원"
영등포구,당산1동,11190550,"135㎡초과 317,500만원 / 20-40㎡ 37,000만원 / 20㎡이하 11,975만원 / 40-60㎡ 83,850만원 / 60-85㎡ 148,000만원 / 85-135㎡ 193,000만원"
영등포구,당산2동,11190560,"135㎡초과 317,500만원 / 20-40㎡ 44,400만원 / 20㎡이하 12,800만원 / 40-60㎡ 150,000만원 / 60-85㎡ 165,000만원 / 85-135㎡ 215,000만원"
영등포구,대림1동,11190700,"135㎡초과 317,500만원 / 20-40㎡ 44,400만원 / 20㎡이하 10,400만원 / 40-60㎡ 68,000만원 / 60-85㎡ 96,750만원 / 85-135㎡ 89,000만원"
영등포구,대림2동,11190710,"135㎡초과 317,500만원 / 20-40㎡ 44,400만원 / 20㎡이하 12,800만원 / 40-60㎡ 66,000만원 / 60-85㎡ 89,000만원 / 85-135㎡ 89,000만원"
영등포구,대림3동,11190720,"135㎡초과 317,500만원 / 20-40㎡ 44,400만원 / 20㎡이하 9,800만원 / 40-60㎡ 73,000만원 / 60-85㎡ 79,500만원 / 85-135㎡ 89,000만원"
영등포구,도림동,11190750,"135㎡초과 317,500만원 / 20-40㎡ 44,400만원 / 20㎡이하 11,975만원 / 40-60㎡ 110,000만원 / 60-85㎡ 151,500만원 / 85-135㎡ 193,000만원"
영등포구,문래동,11190760,"135㎡초과 317,500만원 / 20-40㎡ 44,400만원 / 20㎡이하 11,975만원 / 40-60㎡ 96,500만원 / 60-85㎡ 117,750만원 / 85-135㎡ 189,000만원"
영등포구,신길1동,11190630,"135㎡초과 317,500만원 / 20-40㎡ 44,400만원 / 20㎡이하 10,000만원 / 40-60㎡ 116,250만원 / 60-85㎡ 130,250만원 / 85-135㎡ 137,100만원"
영등포구,신길3동,11190650,"135㎡초과 317,500만원 / 20-40㎡ 44,400만원 / 20㎡이하 9,700만원 / 40-60㎡ 108,000만원 / 60-85㎡ 120,000만원 / 85-135㎡ 137,100만원"
영등포구,신길4동,11190660,"135㎡초과 317,500만원 / 20-40㎡ 44,400만원 / 20㎡이하 10,000만원 / 40-60㎡ 161,000만원 / 60-85㎡ 125,500만원 / 85-135㎡ 132,000만원"
영등포구,신길5동,11190670,"135㎡초과 317,500만원 / 20-40㎡ 44,400만원 / 20㎡이하 10,000만원 / 40-60㎡ 169,000만원 / 60-85㎡ 183,500만원 / 85-135㎡ 137,100만원"
영등포구,신길6동,11190680,"135㎡초과 317,500만원 / 20-40㎡ 44,400만원 / 20㎡이하 10,000만원 / 40-60㎡ 113,250만원 / 60-85㎡ 133,000만원 / 85-135㎡ 137,100만원"
영등포구,신길7동,11190690,"135㎡초과 317,500만원 / 20-40㎡ 44,400만원 / 20㎡이하 10,000만원 / 40-60㎡ 124,500만원 / 60-85㎡ 190,000만원 / 85-135㎡ 137,100만원"
영등포구,양평1동,11190610,"135㎡초과 317,500만원 / 20-40㎡ 44,400만원 / 20㎡이하 11,975만원 / 40-60㎡ 94,500만원 / 60-85㎡ 112,750만원 / 85-135㎡ 127,000만원"
영등포구,양평2동,11190620,"135㎡초과 317,500만원 / 20-40㎡ 44,400만원 / 20㎡이하 11,975만원 / 40-60㎡ 132,000만원 / 60-85㎡ 135,500만원 / 85-135㎡ 193,000만원"
영등포구,여의동,11190540,"135㎡초과 380,500만원 / 20-40㎡ 44,400만원 / 20㎡이하 11,975만원 / 40-60㎡ 219,800만원 / 60-85㎡ 260,000만원 / 85-135㎡ 300,000만원"
영등포구,영등포동,11190740,"135㎡초과 317,500만원 / 20-40㎡ 48,450만원 / 20㎡이하 13,000만원 / 40-60㎡ 137,750만원 / 60-85㎡ 100,500만원 / 85-135㎡ 181,000만원"
영등포구,영등포본동,11190730,"135㎡초과 317,500만원 / 20-40㎡ 44,400만원 / 20㎡이하 11,975만원 / 40-60㎡ 141,000만원 / 60-85㎡ 150,000만원 / 85-135㎡ 193,000만원"
용산구,남영동,11030530,"135㎡초과 350,000만원 / 20-40㎡ 62,000만원 / 40-60㎡ 156,500만원 / 60-85㎡ 180,150만원 / 85-135㎡ 298,500만원"
용산구,보광동,11030700,"135㎡초과 350,000만원 / 20-40㎡ 62,000만원 / 40-60㎡ 156,500만원 / 60-85㎡ 417,000만원 / 85-135㎡ 298,500만원"
용산구,서빙고동,11030690,"135㎡초과 455,000만원 / 20-40㎡ 62,000만원 / 40-60㎡ 156,500만원 / 60-85㎡ 180,150만원 / 85-135㎡ 298,500만원"
용산구,용문동,11030590,"135㎡초과 350,000만원 / 20-40㎡ 62,000만원 / 40-60㎡ 162,000만원 / 60-85㎡ 180,000만원 / 85-135㎡ 298,500만원"
용산구,용산2가동,11030520,"135㎡초과 350,000만원 / 20-40㎡ 62,000만원 / 40-60㎡ 156,500만원 / 60-85㎡ 180,150만원 / 85-135㎡ 298,500만원"
용산구,원효로1동,11030720,"135㎡초과 350,000만원 / 20-40㎡ 62,000만원 / 40-60㎡ 156,500만원 / 60-85㎡ 148,900만원 / 85-135㎡ 180,000만원"
용산구,원효로2동,11030570,"135㎡초과 350,000만원 / 20-40㎡ 62,000만원 / 40-60㎡ 139,300만원 / 60-85㎡ 179,750만원 / 85-135㎡ 206,000만원"
용산구,이촌1동,11030630,"135㎡초과 345,000만원 / 20-40㎡ 62,000만원 / 40-60㎡ 239,000만원 / 60-85㎡ 272,000만원 / 85-135㎡ 310,000만원"
용산구,이촌2동,11030640,"135㎡초과 345,000만원 / 20-40㎡ 62,000만원 / 40-60㎡ 197,500만원 / 60-85㎡ 210,500만원 / 85-135㎡ 309,990만원"
용산구,이태원1동,11030650,"135㎡초과 342,500만원 / 20-40㎡ 62,000만원 / 40-60㎡ 66,500만원 / 60-85㎡ 180,150만원 / 85-135㎡ 298,500만원"
용산구,이태원2동,11030660,"135㎡초과 342,500만원 / 20-40㎡ 62,000만원 / 40-60㎡ 66,500만원 / 60-85㎡ 180,150만원 / 85-135㎡ 298,500만원"
용산구,청파동,11030710,"135㎡초과 350,000만원 / 20-40㎡ 62,000만원 / 40-60㎡ 156,500만원 / 60-85㎡ 180,150만원 / 85-135㎡ 298,500만원"
용산구,한강로동,11030730,"135㎡초과 402,500만원 / 20-40㎡ 62,000만원 / 40-60㎡ 156,500만원 / 60-85㎡ 170,500만원 / 85-135㎡ 350,000만원"
용산구,한남동,11030740,"135㎡초과 1,185,000만원 / 20-40㎡ 62,000만원 / 40-60㎡ 95,000만원 / 60-85㎡ 150,500만원 / 85-135㎡ 298,500만원"
용산구,효창동,11030580,"135㎡초과 350,000만원 / 20-40㎡ 62,000만원 / 40-60㎡ 170,750만원 / 60-85㎡ 194,000만원 / 85-135㎡ 298,500만원"
용산구,후암동,11030510,"135㎡초과 350,000만원 / 20-40㎡ 62,000만원 / 40-60㎡ 156,500만원 / 60-85㎡ 101,000만원 / 85-135㎡ 298,500만원"
은평구,갈현1동,11120550,"135㎡초과 117,000만원 / 20-40㎡ 34,950만원 / 20㎡이하 12,250만원 / 40-60㎡ 60,000만원 / 60-85㎡ 62,100만원 / 85-135㎡ 71,875만원"
은평구,갈현2동,11120560,"135㎡초과 117,000만원 / 20-40㎡ 34,950만원 / 20㎡이하 12,250만원 / 40-60㎡ 51,500만원 / 60-85㎡ 60,000만원 / 85-135㎡ 71,875만원"
은평구,구산동,11120570,"135㎡초과 117,000만원 / 20-40㎡ 34,950만원 / 20㎡이하 12,250만원 / 40-60㎡ 46,900만원 / 60-85㎡ 60,250만원 / 85-135㎡ 103,300만원"
은평구,녹번동,11120510,"135㎡초과 117,000만원 / 20-40㎡ 34,950만원 / 20㎡이하 12,250만원 / 40-60㎡ 110,000만원 / 60-85㎡ 115,000만원 / 85-135㎡ 112,500만원"
은평구,대조동,11120580,"135㎡초과 117,000만원 / 20-40㎡ 31,000만원 / 20㎡이하 12,500만원 / 40-60㎡ 61,000만원 / 60-85㎡ 63,650만원 / 85-135㎡ 103,300만원"
은평구,불광1동,11120520,"135㎡초과 117,000만원 / 20-40㎡ 34,950만원 / 20㎡이하 12,250만원 / 40-60㎡ 87,000만원 / 60-85㎡ 95,000만원 / 85-135㎡ 113,000만원"
은평구,불광2동,11120720,"135㎡초과 117,000만원 / 20-40㎡ 34,950만원 / 20㎡이하 12,250만원 / 40-60㎡ 60,000만원 / 60-85㎡ 94,250만원 / 85-135㎡ 113,000만원"
은평구,수색동,11120680,"135㎡초과 117,000만원 / 20-40㎡ 65,000만원 / 20㎡이하 12,250만원 / 40-60㎡ 110,000만원 / 60-85㎡ 130,000만원 / 85-135㎡ 92,000만원"
은평구,신사1동,11120650,"135㎡초과 117,000만원 / 20-40㎡ 34,950만원 / 20㎡이하 12,250만원 / 40-60㎡ 49,000만원 / 60-85㎡ 65,000만원 / 85-135㎡ 103,300만원"
은평구,신사2동,11120660,"135㎡초과 117,000만원 / 20-40㎡ 34,950만원 / 20㎡이하 12,250만원 / 40-60㎡ 55,000만원 / 60-85㎡ 59,800만원 / 85-135㎡ 103,300만원"
은평구,역촌동,11120740,"135㎡초과 117,000만원 / 20-40㎡ 34,950만원 / 20㎡이하 12,250만원 / 40-60㎡ 84,000만원 / 60-85㎡ 54,735만원 / 85-135㎡ 103,300만원"
은평구,응암1동,11120590,"135㎡초과 117,000만원 / 20-40㎡ 34,950만원 / 20㎡이하 12,250만원 / 40-60㎡ 119,500만원 / 60-85㎡ 92,000만원 / 85-135㎡ 101,500만원"
은평구,응암2동,11120600,"135㎡초과 117,000만원 / 20-40㎡ 34,950만원 / 20㎡이하 12,250만원 / 40-60㎡ 85,000만원 / 60-85㎡ 94,500만원 / 85-135㎡ 101,500만원"
은평구,응암3동,11120730,"135㎡초과 117,000만원 / 20-40㎡ 34,950만원 / 20㎡이하 12,250만원 / 40-60㎡ 45,250만원 / 60-85㎡ 50,000만원 / 85-135㎡ 101,500만원"
은평구,증산동,11120670,"135㎡초과 117,000만원 / 20-40㎡ 34,950만원 / 20㎡이하 12,250만원 / 40-60㎡ 120,000만원 / 60-85㎡ 161,750만원 / 85-135㎡ 103,300만원"
은평구,진관동,11120710,"135㎡초과 117,000만원 / 20-40㎡ 34,950만원 / 20㎡이하 12,250만원 / 40-60㎡ 74,700만원 / 60-85㎡ 90,250만원 / 85-135㎡ 104,500만원"
종로구,가회동,11010600,"135㎡초과 240,000만원 / 20-40㎡ 39,403만원 / 20㎡이하 12,125만원 / 40-60㎡ 78,500만원 / 60-85㎡ 112,000만원 / 85-135㎡ 128,250만원"
종로구,교남동,11010580,"135㎡초과 240,000만원 / 20-40㎡ 39,403만원 / 20㎡이하 12,125만원 / 40-60㎡ 205,500만원 / 60-85㎡ 260,000만원 / 85-135㎡ 128,250만원"
종로구,무악동,11010570,"135㎡초과 240,000만원 / 20-40㎡ 39,403만원 / 20㎡이하 12,125만원 / 40-60㎡ 78,500만원 / 60-85㎡ 151,990만원 / 85-135㎡ 162,190만원"
종로구,부암동,11010550,"135㎡초과 240,000만원 / 20-40㎡ 39,403만원 / 20㎡이하 12,125만원 / 40-60㎡ 78,500만원 / 60-85㎡ 112,000만원 / 85-135㎡ 128,250만원"
종로구,사직동,11010530,"135㎡초과 254,000만원 / 20-40㎡ 39,403만원 / 20㎡이하 12,125만원 / 40-60㎡ 78,500만원 / 60-85㎡ 112,000만원 / 85-135㎡ 128,250만원"
종로구,삼청동,11010540,"135㎡초과 240,000만원 / 20-40㎡ 39,403만원 / 20㎡이하 12,125만원 / 40-60㎡ 78,500만원 / 60-85㎡ 112,000만원 / 85-135㎡ 128,250만원"
종로구,숭인1동,11010700,"135㎡초과 240,000만원 / 20-40㎡ 39,403만원 / 20㎡이하 11,500만원 / 40-60㎡ 95,900만원 / 60-85㎡ 112,000만원 / 85-135㎡ 128,250만원"
종로구,숭인2동,11010710,"135㎡초과 240,000만원 / 20-40㎡ 39,403만원 / 20㎡이하 11,500만원 / 40-60㎡ 59,250만원 / 60-85㎡ 112,000만원 / 85-135㎡ 128,250만원"
종로구,이화동,11010640,"135㎡초과 240,000만원 / 20-40㎡ 39,403만원 / 20㎡이하 12,125만원 / 40-60㎡ 78,500만원 / 60-85㎡ 112,000만원 / 85-135㎡ 128,250만원"
종로구,종로1.2.3.4가동,11010610,"135㎡초과 240,000만원 / 20-40㎡ 39,403만원 / 20㎡이하 12,125만원 / 40-60㎡ 78,500만원 / 60-85㎡ 112,000만원 / 85-135㎡ 128,250만원"
종로구,종로5.6가동,11010630,"135㎡초과 240,000만원 / 20-40㎡ 39,403만원 / 20㎡이하 12,125만원 / 40-60㎡ 78,500만원 / 60-85㎡ 112,000만원 / 85-135㎡ 128,250만원"
종로구,창신1동,11010670,"135㎡초과 240,000만원 / 20-40㎡ 39,403만원 / 20㎡이하 12,125만원 / 40-60㎡ 90,000만원 / 60-85㎡ 111,000만원 / 85-135㎡ 128,250만원"
종로구,창신2동,11010680,"135㎡초과 240,000만원 / 20-40㎡ 39,403만원 / 20㎡이하 12,125만원 / 40-60㎡ 74,500만원 / 60-85㎡ 85,800만원 / 85-135㎡ 128,250만원"
종로구,창신3동,11010690,"135㎡초과 240,000만원 / 20-40㎡ 39,403만원 / 20㎡이하 12,125만원 / 40-60㎡ 72,350만원 / 60-85㎡ 81,500만원 / 85-135㎡ 128,250만원"
종로구,청운효자동,11010720,"135㎡초과 240,000만원 / 20-40㎡ 39,403만원 / 20㎡이하 12,125만원 / 40-60㎡ 78,500만원 / 60-85㎡ 112,000만원 / 85-135㎡ 128,250만원"
종로구,평창동,11010560,"135㎡초과 240,000만원 / 20-40㎡ 39,474만원 / 20㎡이하 12,125만원 / 40-60㎡ 78,500만원 / 60-85㎡ 112,000만원 / 85-135㎡ 128,250만원"
종로구,혜화동,11010730,"135㎡초과 240,000만원 / 20-40㎡ 39,403만원 / 20㎡이하 12,125만원 / 40-60㎡ 78,500만원 / 60-85㎡ 115,000만원 / 85-135㎡ 128,250만원"
중구,광희동,11020590,"135㎡초과 194,500만원 / 20-40㎡ 36,750만원 / 20㎡이하 15,000만원 / 40-60㎡ 118,000만원 / 60-85㎡ 152,000만원 / 85-135㎡ 161,000만원"
중구,다산동,11020700,"135㎡초과 194,500만원 / 20-40㎡ 32,400만원 / 20㎡이하 15,000만원 / 40-60㎡ 35,000만원 / 60-85㎡ 164,000만원 / 85-135㎡ 174,000만원"
중구,동화동,11020730,"135㎡초과 194,500만원 / 20-40㎡ 32,400만원 / 20㎡이하 15,000만원 / 40-60㎡ 148,250만원 / 60-85㎡ 124,750만원 / 85-135㎡ 174,000만원"
중구,명동,11020550,"135㎡초과 194,500만원 / 20-40㎡ 32,400만원 / 20㎡이하 15,000만원 / 40-60㎡ 118,000만원 / 60-85㎡ 152,000만원 / 85-135㎡ 161,000만원"
중구,소공동,11020520,"135㎡초과 194,500만원 / 20-40㎡ 32,400만원 / 20㎡이하 15,000만원 / 40-60㎡ 118,000만원 / 60-85㎡ 152,000만원 / 85-135㎡ 161,000만원"
중구,신당5동,11020650,"135㎡초과 194,500만원 / 20-40㎡ 32,400만원 / 20㎡이하 15,000만원 / 40-60㎡ 149,500만원 / 60-85㎡ 164,000만원 / 85-135㎡ 174,000만원"
중구,신당동,11020690,"135㎡초과 194,500만원 / 20-40㎡ 32,400만원 / 20㎡이하 15,000만원 / 40-60㎡ 118,000만원 / 60-85㎡ 152,000만원 / 85-135㎡ 161,000만원"
중구,약수동,11020710,"135㎡초과 194,500만원 / 20-40㎡ 32,400만원 / 20㎡이하 15,000만원 / 40-60㎡ 150,000만원 / 60-85㎡ 168,000만원 / 85-135㎡ 187,500만원"
중구,을지로동,11020600,"135㎡초과 194,500만원 / 20-40㎡ 32,400만원 / 20㎡이하 15,000만원 / 40-60㎡ 114,500만원 / 60-85㎡ 152,000만원 / 85-135㎡ 161,000만원"
중구,장충동,11020580,"135㎡초과 194,500만원 / 20-40㎡ 32,400만원 / 20㎡이하 15,000만원 / 40-60㎡ 118,000만원 / 60-85㎡ 152,000만원 / 85-135㎡ 161,000만원"
중구,중림동,11020680,"135㎡초과 194,500만원 / 20-40㎡ 32,400만원 / 20㎡이하 15,000만원 / 40-60㎡ 156,000만원 / 60-85㎡ 179,000만원 / 85-135㎡ 161,000만원"
중구,청구동,11020720,"135㎡초과 194,500만원 / 20-40㎡ 32,400만원 / 20㎡이하 15,000만원 / 40-60㎡ 146,000만원 / 60-85㎡ 162,500만원 / 85-135㎡ 174,000만원"
중구,필동,11020570,"135㎡초과 194,500만원 / 20-40㎡ 32,400만원 / 20㎡이하 15,000만원 / 40-60㎡ 58,150만원 / 60-85㎡ 152,000만원 / 85-135㎡ 161,000만원"
중구,황학동,11020670,"135㎡초과 194,500만원 / 20-40㎡ 29,500만원 / 20㎡이하 13,900만원 / 40-60㎡ 100,000만원 / 60-85㎡ 118,250만원 / 85-135㎡ 143,000만원"
중구,회현동,11020540,"135㎡초과 194,500만원 / 20-40㎡ 32,400만원 / 20㎡이하 15,000만원 / 40-60㎡ 118,000만원 / 60-85㎡ 152,000만원 / 85-135㎡ 161,000만원"
중랑구,망우3동,11070680,"20-40㎡ 37,500만원 / 20㎡이하 26,250만원 / 40-60㎡ 52,650만원 / 60-85㎡ 67,750만원 / 85-135㎡ 94,000만원"
중랑구,망우본동,11070730,"20-40㎡ 37,500만원 / 20㎡이하 26,250만원 / 40-60㎡ 52,650만원 / 60-85㎡ 67,750만원 / 85-135㎡ 94,000만원"
중랑구,면목2동,11070520,"20-40㎡ 30,000만원 / 20㎡이하 26,250만원 / 40-60㎡ 45,900만원 / 60-85㎡ 65,300만원 / 85-135㎡ 90,500만원"
중랑구,면목4동,11070540,"20-40㎡ 32,000만원 / 20㎡이하 26,250만원 / 40-60㎡ 68,500만원 / 60-85㎡ 85,250만원 / 85-135㎡ 90,500만원"
중랑구,면목5동,11070550,"20-40㎡ 32,000만원 / 20㎡이하 26,250만원 / 40-60㎡ 106,000만원 / 60-85㎡ 139,500만원 / 85-135㎡ 90,500만원"
중랑구,면목7동,11070570,"20-40㎡ 32,000만원 / 20㎡이하 26,250만원 / 40-60㎡ 67,750만원 / 60-85㎡ 76,500만원 / 85-135㎡ 89,000만원"
중랑구,면목본동,11070710,"20-40㎡ 32,000만원 / 20㎡이하 26,250만원 / 40-60㎡ 61,000만원 / 60-85㎡ 77,375만원 / 85-135㎡ 90,500만원"
중랑구,면목제3.8동,11070720,"20-40㎡ 35,000만원 / 20㎡이하 26,250만원 / 40-60㎡ 59,700만원 / 60-85㎡ 71,800만원 / 85-135㎡ 90,500만원"
중랑구,묵1동,11070640,"20-40㎡ 45,000만원 / 20㎡이하 26,550만원 / 40-60㎡ 57,700만원 / 60-85㎡ 75,000만원 / 85-135㎡ 102,000만원"
중랑구,묵2동,11070650,"20-40㎡ 45,000만원 / 20㎡이하 26,550만원 / 40-60㎡ 56,000만원 / 60-85㎡ 75,000만원 / 85-135㎡ 102,000만원"
중랑구,상봉1동,11070590,"20-40㎡ 37,500만원 / 20㎡이하 11,500만원 / 40-60㎡ 63,750만원 / 60-85㎡ 74,500만원 / 85-135㎡ 126,000만원"
중랑구,상봉2동,11070600,"20-40㎡ 37,500만원 / 20㎡이하 11,500만원 / 40-60㎡ 60,250만원 / 60-85㎡ 87,000만원 / 85-135㎡ 126,000만원"
중랑구,신내1동,11070690,"20-40㎡ 36,900만원 / 20㎡이하 26,250만원 / 40-60㎡ 52,650만원 / 60-85㎡ 71,250만원 / 85-135㎡ 76,250만원"
중랑구,신내2동,11070700,"20-40㎡ 36,900만원 / 20㎡이하 26,250만원 / 40-60㎡ 54,700만원 / 60-85㎡ 66,000만원 / 85-135㎡ 88,000만원"
중랑구,중화1동,11070610,"20-40㎡ 37,500만원 / 20㎡이하 26,250만원 / 40-60㎡ 82,000만원 / 60-85㎡ 84,250만원 / 85-135㎡ 94,000만원"
중랑구,중화2동,11070620,"20-40㎡ 37,500만원 / 20㎡이하 26,250만원 / 40-60㎡ 82,000만원 / 60-85㎡ 71,500만원 / 85-135㎡ 94,000만원"
